name;osm_name;operator_ref;lat;lon;nbs_booth;booth_node_id;booth_way_id;type;operator_osm
CONDRIEU;Condrieu;10;45.5055132;4.8406636;2;[21562312,635290239];;open;ASF
PEAGE DE VIENNE;Péage de Vienne;Péage de Vienne;45.4761176;4.8330663;2;[130368,13397120];;close;ASF
AUBERIVES;Auberives Nord-Sud;;45.3898018;4.8053591;1;[130221205];;close;ASF
CHANAS;Chanas;12;45.3211595;4.8098547;2;[16567653,28128388];;close;ASF
TAIN;Tain;13;45.0684081;4.8684133;2;[13382945,15553152];;close;ASF
VALENCE NORD;Valence Nord;14;44.9701995;4.8875504;2;[656078,14961149];;close;ASF
VALENCE SUD;Valence Sud;15;44.9049476;4.8801182;2;[655887,655992];;close;ASF
LORIOL;Loriol;16;44.756849;4.7912697;2;[650878,26538223];;close;ASF
MONTELIMAR NORD;Montélimar Nord;17;44.6689369;4.7949641;2;[14798265,14798276];;close;ASF
MONTELIMAR SUD;Montélimar Sud;18;44.4813385;4.7635161;2;[656776,14960992];;close;ASF
BOLLENE;Bollène;19;44.2902627;4.7509278;2;[14798007,14798008];;close;ASF
ORANGE NORD;Orange nord;20;44.1642263;4.7645828;1;[277451985];;close;ASF
ORANGE CENTRE;Orange Centre;21;44.1353197;4.7956315;8;[656795,448451541,8394070485,8394070486,8394070487,8394070488,8394070489,8394070490];;close;ASF
ORANGE SUD;Orange Sud;22;44.1109575;4.8452452;2;[277281847,8349621741];;close;ASF
AVIGNON NORD;Avignon Nord;23;43.9820509;4.8884123;2;[154427,1674101568];;close;ASF
AVIGNON SUD;Avignon Sud;24;43.8929306;4.9158159;2;[154642,21617587];;close;ASF
CAVAILLON;Cavaillon;25;43.8199281;5.0278555;2;[26404247,26404271];;close;ASF
SENAS;Sénas;26;43.7420819;5.0898154;2;[246011442,246213575];;close;ASF
SALON NORD;Salon Nord;27;43.6594307;5.1025902;1;[308235934];;close;ASF
SALON SUD;Salon Sud;15;43.6269017;5.106501;2;[308079844,308777762];;close;ASF
GRANS;Grans;14;43.6229698;5.0835304;2;[511439486,1668541932];;close;ASF
SALON OUEST;Salon Ouest;13;43.6363295;5.0228102;2;[308001966,1456366661];;close;ASF
PEAGE DE SAINT MARTIN DE CRAU;Péage de Saint-Martin-de-Crau;Péage de Saint-Martin-de-Crau;43.6379262;4.8578292;2;[1796885587,1825203802];;close;ASF
PEAGE DE LANCON;Péage de Lançon;Péage de Lançon;43.5937043;5.1747436;2;[26410395,26410440];;close;ASF
COUDOUX;Coudoux;28;43.5523405;5.2383307;3;[259970703,259970749,10616130411];;open;ASF
ROQUEMAURE;Roquemaure;22;44.0256301;4.7353923;2;[1674020827,1674020828];;close;ASF
REMOULINS;Remoulins;23;43.9373087;4.5983631;2;[1672388768,1672388771];;close;ASF
NIMES EST;Nîmes Est;24;43.8560961;4.420576;2;[104534425,3230734317];;close;ASF
NIMES OUEST;Nîmes Ouest;25;43.8137306;4.3429068;2;[104513274,104513419];;close;ASF
NIMES CENTRE;Nîmes Centre;1;43.8074823;4.3744374;2;[300685333,300688079];;close;ASF
NIMES GARONS;Nîmes Garons;2;43.761307;4.4274639;2;[1013965167,1651976773];;close;ASF
PEAGE D ARLES;Péage d'Arles;Péage d'Arles;43.690342;4.5446514;2;[423746542,1652042833];;close;ASF
GALLARGUES;Gallargues;26;43.7229495;4.1810614;2;[103579675,103585422];;close;ASF
LUNEL;Lunel;27;43.7027498;4.1197187;2;[102968315,102968801];;close;ASF
PEAGE DE BAILLARGUES;Péage de Baillargues;Péage de Baillargues;43.6708729;4.0126478;2;[5555732,5555734];;close;ASF
VIENNE SUD;Vienne sud;;45.4746418;4.8343996;2;[12288199204,12752375307];;open;ASF
SETE;Sète;33;43.4775255;3.6851276;2;[100086450,100087287];;close;ASF
AGDE PEZENAS;Agde-Pézenas;34;43.3740078;3.417892;2;[179459179,335854857];;close;ASF
PEAGE DE BEZIERS CABRIALS;Péage de Béziers-Cabrials;Péage de Béziers-Cabrials;43.3438596;3.2875375;2;[1588137485,1588137486];;close;ASF
BEZIERS OUEST;Béziers Ouest;36;43.304563;3.2190641;2;[1676618836,1676618837];;close;ASF
NARBONNE EST;Narbonne Est;37;43.1790939;3.0348258;2;[1669974371,1669974392];;close;ASF
NARBONNE SUD;Narbonne Sud;38;43.1645016;2.9901729;2;[778662845,778662954];;close;ASF
SIGEAN;Sigean;39;43.0331894;2.9561957;2;[360047943,360047970];;close;ASF
LEUCATE;Leucate;40;42.9389777;2.9730298;8;[306479406,1997249454,3536200857,3536200860,3536200866,3536200869,3536200872,3536200879];;close;ASF
PERPIGNAN NORD;Perpignan Nord;41;42.7817287;2.8973351;2;[2398039583,2398039585];;close;ASF
PERPIGNAN SUD;Perpignan Sud;42;42.6667471;2.8590489;2;[35926132,35926646];;close;ASF
PEAGE DU PERTHUS;Péage du Perthus;Péage du Perthus;42.5277363;2.821473;2;[36967326,36967365];;close;ASF
LEZIGNAN;Lezignan;25;43.17189;2.7411404;2;[338974999,6343457269];;close;ASF
CARCASSONNE EST;Carcassonne Est;24;43.2020227;2.418166;2;[14790565,409788423];;close;ASF
CARCASSONNE OUEST;Carcassonne Ouest;23;43.1998981;2.3100831;2;[10471875,885163176];;close;ASF
BRAM;Bram;22;43.238934;2.0999074;2;[2144776681,2442483773];;close;ASF
CASTELNAUDARY;Castelnaudary;21;43.2907822;1.946745;2;[11003786,417133980];;close;ASF
VILLEFRANCHE DE LAURAGAIS;Villefranche-de-Lauragais;20;43.3985865;1.6962059;1;[1551709832];;close;ASF
NAILLOUX;Nailloux;1;43.3824192;1.6168325;2;[247949075,247949087];;close;ASF
MAZERES SAVERDUN;Mazères-Saverdun;2;43.2344401;1.6360077;2;[991655074,991655139];;close;ASF
PEAGE DE PAMIERS;Péage de Pamiers;Péage de Pamiers;43.1541446;1.6158718;2;[255871598,762433556];;close;ASF
MONTGISCARD;Montgiscard;19.1;43.4608882;1.5883118;1;[612786095];;close;ASF
PEAGE DE TOULOUSE SUD OUEST;Péage de Toulouse Sud Ouest;Péage de Toulouse Sud Ouest;43.5453086;1.5000225;2;[10467044,2887199669];;close;ASF
PEAGE DE TOULOUSE SUD EST;Péage de Toulouse Sud Est;Péage de Toulouse Sud Est;43.5455566;1.5004396;2;[9928578,381250374];;close;ASF
PEAGE DE MONTPELLIER ST JEAN;Saint-Jean-de-Védas;Saint-Jean-de-Védas;43.5617904;3.8301934;2;[8980695,2399140585];;close;ASF
LE BOULOU;Le Boulou;43;42.5237027;2.8173684;1;[1742991342];;close;ASF
L UNION;L'Union;1;43.6452356;1.4979269;2;[343588412,343588417];;open;ASF
PEAGE DE TOULOUSE EST;Péage de Toulouse Est;Péage-de-Toulouse Est;43.6473594;1.5077254;2;[6563692,345188803];;open;ASF
PEAGE DE TOULOUSE NORD OUEST;Toulouse Nord Ouest;Toulouse Nord Ouest;43.6580892;1.4271185;2;[36129805,253943275];;close;ASF
SAINT JORY;Saint-Jory;11;43.7183094;1.3981013;2;[1452229755,1452229766];;close;ASF
EUROCENTRE;Eurocentre;10.1;43.7649417;1.3805023;9;[1452208046,1452208143,4349032318,4349032319,4471741927,4471741928,4471741929,4471741930,4471741966];;close;ASF
MONTAUBAN;Montauban;10;43.9287005;1.3143202;22;[375649933,1124844164,7042778791,7042778792,7042778793,7042778794,7042778795,7042778796,7042778797,7042778798,7042778799,7042778800,7042778801,7042778802,7042778803,7042778804,7042778805,7042778806,7042778807,7042778808,7042778809,7042778810];;close;ASF
CASTELSARRASIN;Castelsarrasin;9;44.0557632;1.097352;3;[261761245,513660073,513660085];;close;ASF
VALENCE D AGEN;Valence-d'Agen;8;44.0641414;0.8665624;2;[458881141,1451681686];;close;ASF
AGEN;Agen;7;44.1650334;0.6056288;2;[253945696,1450618855];;close;ASF
AGEN OUEST;;;44.1875022;0.5460239;2;[10029321800,10202403261];;close;ASF
AIGUILLON;Aiguillon;6;44.2845338;0.2699371;2;[453443789,1449746827];;close;ASF
MARMANDE;Marmande;5;44.4347709;0.1328803;2;[288922361,1451223683];;close;ASF
LA REOLE;La Réole;4;44.5114169;-0.0495015;2;[288894155,1451196227];;close;ASF
LANGON;Langon;3;44.5443191;-0.2620828;2;[276335332,276335747];;close;ASF
PODENSAC;Podensac;2;44.6075445;-0.3668195;1;[301654518];;close;ASF
PEAGE DE SAINT SELVE;Saint-Selve;Saint-Selve;44.6591839;-0.4540608;2;[36130695,36133303];;close;ASF
BAZAS;Bazas;1;44.4452449;-0.2423002;2;[1195217379,1195217501];;close;A’LIENOR
CAPTIEUX;Captieux;2;44.2860318;-0.2280667;1;[1091772679];;close;A’LIENOR
ROQUEFORT;Roquefort;3;44.04491;-0.343255;2;[1564463968,7120103697];;close;A’LIENOR
LE CALOY;Mont-de-Marsan;4;43.9469871;-0.393924;1;[1246344270];;close;A’LIENOR
AIRE SUR ADOUR NORD;Aire-sur-l'Adour Nord;6;43.7221639;-0.2707856;2;[1092685933,1285330579];;close;A’LIENOR
AIRE SUR ADOUR SUD;Aire-sur-l'Adour Sud;7;43.6645842;-0.2766787;2;[1143005916,10977936133];;close;A’LIENOR
GARLIN;Garlin;8;43.5652949;-0.2926501;2;[1618060722,4690491293];;close;A’LIENOR
THEZE;Thèze;9;43.4713749;-0.3210547;1;[986537073];;close;A’LIENOR
PEAGE DE SAMES;Sames;Sames;43.5297063;-1.1868429;2;[630216,2341285897];;close;ASF
PEYREHORADE;Peyrehorade;6;43.5170174;-1.103737;2;[428642826,428642848];;close;ASF
SALIES;Salies;7;43.5098572;-0.9218215;2;[850197729,1042852216];;close;ASF
ORTHEZ;Orthez;8;43.4671974;-0.7486871;2;[401910583,401910597];;close;ASF
ARTIX;Artix;9;43.3950598;-0.5511787;2;[2267204259,2267204261];;close;ASF
LESCAR;Lescar;9.1;43.3452483;-0.4188068;1;[1105868116];;close;ASF
PAU CENTRE;Pau Centre;10;43.3304237;-0.3505117;2;[309903361,309903362];;close;ASF
SOUMOULOU;Soumoulou;11;43.2725542;-0.1999122;2;[401513183,401513184];;close;ASF
TARBES OUEST;Tarbes Ouest;12;43.2207482;0.0236651;2;[401829376,402871346];;close;ASF
TARBES EST;Tarbes Est;13;43.2137336;0.1083677;2;[272505901,388295686];;close;ASF
TOURNAY;Tournay;14;43.1774027;0.2399837;2;[311638830,1003948981];;close;ASF
CAPVERN;Capvern;15;43.1033454;0.3427227;2;[410388997,457896791];;close;ASF
LANNEMEZAN;Lannemezan;16;43.097816;0.3903233;2;[457896763,2976483382];;close;ASF
MONTREJEAU;Montrejeau;17;43.1001591;0.5953613;2;[281410101,1561101896];;close;ASF
SAINT GAUDENS;Saint-Gaudens;18;43.1156846;0.7566067;1;[277820265];;close;ASF
PEAGE DE LESTELLE;Péage de Lestelle;Péage de Lestelle;43.1205699;0.8957946;2;[277910939,290614344];;close;ASF
GUICHE;Guiche;5;43.5123235;-1.2230649;2;[6367151903,6367151904];;open;ASF
PEAGE DE MURET;Péage de Muret;Péage de Muret;43.505462;1.3520299;2;[61101216,61101218];;open;ASF
LESTELLE DE SAINT MARTORY;Péage de Lestelle;Péage de Lestelle;43.1195337;0.8947521;1;[277617392];;open;ASF
PEAGE DE BIRIATOU;Péage de Biriatou;A 63;43.3412455;-1.7496367;1;[280351090,2950398495];;open;Autoroutes du Sud de la France
ST JEAN DE LUZ SUD;Saint-Jean-de-Luz Sud;2;43.3719502;-1.6763524;2;[255022590,1690642278];;open;ASF
PEAGE DE LA NEGRESSE;Péage de La Négresse;Péage de La Négresse;43.4491731;-1.5537438;3;[1371313449,1371313451,1371313452];;open;ASF
BIARRITZ;Gare de péage de Biarritz;;43.4504664;-1.5544554;1;[8897755575];;open;ASF
BAYONNE SUD;Bayonne Sud;5;43.4622534;-1.4984754;2;[1371313435,1371313436];;open;ASF
ONDRES;Ondres;7;43.5415617;-1.4355904;2;[1033354786,1033354788];;open;ASF
CAPBRETON;Capbreton;8;43.6305539;-1.3947363;3;[465501470,2406629234,5964525403];;open;ASF
PEAGE DE BENESSE MARENNE;Péage de Bénesse-Maremne;Péage de Bénesse-Maremne;43.6240583;-1.4005755;2;[465501472,1778176309];;open;ASF
PEAGE DE MONTAUBAN NORD;Péage de Montauban Nord;Péage de Montauban Nord;44.0524498;1.4101071;4;[60079493,272877809,9083206948,9083206949];;close;ASF
CAUSSADE;Caussade;59;44.149933;1.5156002;2;[366923586,366940500];;close;ASF
CAHORS SUD;Cahors Sud;58;44.3427348;1.4940673;1;[322846284];;close;ASF
CAHORS NORD;Cahors Nord;57;44.5323371;1.5063224;2;[387693502,387693540];;close;ASF
LABASTIDE MURAT;Labastide-Murat;56;44.6981278;1.5805783;1;[249181379];;close;ASF
SOUILLAC;Souillac;55;44.9006891;1.5043301;2;[286851357,2155986155];;close;ASF
PEAGE DE GIGNAC;Péage de Gignac;Péage de Gignac;44.9907475;1.5265818;2;[60078772,378374878];;close;ASF
MARTEL;Martel;54;44.9933565;1.5314244;2;[600154188,856420518];;open;ASF
MUSSIDAN EST;Mussidan Est;13.1;45.0653628;0.4297875;4;[298601377,298601379,512632720,512645301];;close;ASF
MUSSIDAN SUD;Mussidan Sud;13;45.0107553;0.3774855;2;[257152241,504607734];;close;ASF
MONTPON MENESTEROL;Montpon-Ménestérol;12;44.9859243;0.1562632;2;[458731540,1474599102];;close;ASF
COUTRAS;Coutras;11;45.0120743;-0.0998393;2;[332282171,504619378];;close;ASF
LIBOURNE NORD;Libourne Nord;10;44.9570612;-0.2451243;2;[442086723,1474506894];;close;ASF
PEAGE D ARVEYRES;Péage d'Arveyres;Péage d'Arveyres;44.8851487;-0.268608;2;[21465992,249778842];;close;ASF
PEAGE DE THENON;Péage de Thénon;Péage-de-Thénon;45.1513597;1.1675897;4;[3922783426,3922783427,3922783428,3922783429];;open;ASF
LA BACHELLERIE;La Bachellerie;17;45.1480869;1.1747099;2;[444247986,445832829];;open;ASF
MANSAC TERRASSON;Mansac-Terrasson;18;45.1525541;1.3782132;2;[28195303,28195335];;open;ASF
PEAGE DE TOURS CENTRE;Tours centre sorigny;Tours centre sorigny;47.2184528;0.6577159;3;[85698610,726432887,8274123701];;close;ASF
SAINTE MAURE;Sainte-Maure;25;47.1072866;0.5876617;1;[894516551];;close;ASF
CHATELLERAULT NORD;Châtellerault Nord;26;46.8369794;0.530822;1;[340395444];;close;ASF
CHATELLERAULT SUD;Châtellerault Sud;27;46.7786646;0.50452;1;[340396503];;close;ASF
FUTUROSCOPE;Futuroscope;28;46.6701286;0.3599572;2;[270647374,2630513392];;close;ASF
POITIERS NORD;Poitiers Nord;29;46.6215062;0.3437828;2;[282069502,9975149049];;close;Vinci
POITIERS SUD;Poitiers Sud;30;46.5489824;0.2892931;2;[459173225,3634658165];;close;ASF
ST MAIXENT SOUDAN;Saint-Maixent-Soudan;31;46.4255262;-0.0821627;2;[883346500,883347456];;close;ASF
NIORT EST;Niort Est;11;46.3552904;-0.331188;6;[735016190,3999405516,3999405520,3999405523,3999405525,3999405529];;close;ASF
NIORT NORD;Niort Nord;10;46.4193233;-0.3969591;4;[901258167,4001139231,4001139234,4001139239];;close;ASF
NIORT OUEST;Niort Ouest;9;46.3878963;-0.6478799;5;[4001140435,4001140450,4001140454,4001140460,4001140464];;close;ASF
FONTENAY CENTRE;Fontenay Centre;8;46.4359963;-0.8214534;5;[279217857,4001244320,4001244321,4001244322,4001244323];;close;ASF
FONTENAY OUEST;Fontenay Ouest;7.1;46.4646302;-0.8767346;5;[1335678463,2241159339,4001244342,4001244343,4001244344];;close;ASF
SAINTE HERMINE;Sainte-Hermine;7;46.5335213;-1.0791804;7;[253951327,279217617,4001244528,4001244529,4001244530,4001244531,4001244532];;close;ASF
CHANTONNAY;Chantonnay;6;46.6272005;-1.1544805;6;[309941699,802033563,4003122683,4003122684,4003122685,7227010528];;close;ASF
LES ESSARTS;Les Essarts;5;46.7903968;-1.1946328;6;[279128148,824250288,4003306365,4003306366,4003306367,4422608089];;close;ASF
PEAGE DE LA ROCHE SUR YON - LA ROCHE SUR YON;La Roche-sur-Yon;La Roche-sur-Yon;46.6725704;-1.3459591;2;[3025678480,3025678481];;close;ASF
LES HERBIERS;Les Herbiers;29;46.9020192;-1.046772;2;[807894118,807894416];;close;ASF
LA VERRIE;La Verrie;28;46.9446866;-0.9766132;2;[449598015,806378596];;close;ASF
CHOLET SUD;Cholet Sud;27;47.0189982;-0.880635;2;[292384163,1838205657];;close;ASF
CHOLET NORD;Cholet Nord;26;47.0833658;-0.8280595;2;[292375190,3587014323];;close;ASF
CHEMILLE;Chemillé;25;47.2359369;-0.7276426;1;[4422613638];;close;ASF
PEAGE DE BEAULIEU S LAYON;Péage de Beaulieu-sur-Layon;Péage-de-Beaulieu-sur-Layon;47.3263959;-0.6040156;2;[267167000,274207796];;close;ASF
MONTAIGU;Montaigu;4;46.9594945;-1.353045;8;[26589771,275329462,4003307027,4003307028,4003307029,4003307031,4003307032,4404266838];;close;ASF
AIGREFEUILLE;Aigrefeuille;3;47.0692661;-1.4374016;2;[3903235081,4088640522];;close;ASF
PEAGE DU BIGNON;Péage du Bignon;Péage-du-Bignon;47.114722;-1.4919985;2;[25959136,25959780];;close;ASF
VOUILLE;Vouillé;32;46.3074932;-0.3663971;2;[672506884,801745089];;close;ASF
LA ROCHELLE NIORT SUD;La Rochelle-Niort Sud;33;46.2441045;-0.4606127;8;[277398779,5242792759,5242792767,5540214860,5540214861,5540214862,5540214863,5540214864];;close;ASF
ST JEAN D ANGELY - SAINT JEAN D ANGELY;Saint-Jean-d'Angély;34;45.9628699;-0.5458975;1;[309937348];;close;ASF
PEAGE DE CABARIOT;Péage de Cabariot;Péage-de-Cabariot;45.9439955;-0.8491667;2;[1767279376,1767279383];;close;ASF
SAINTES;Saintes;35;45.7523174;-0.6639451;2;[253948577,253948654];;close;ASF
PONS;Pons;36;45.5744618;-0.5956219;2;[332272132,431442217];;close;ASF
MIRAMBEAU;Mirambeau;37;45.3777;-0.5796224;2;[494910454,494910456];;close;ASF
ST AUBIN DE BLAYE - SAINT AUBIN DE BLAYE;Saint-Aubin-de-Blaye;38;45.2543461;-0.5478033;1;[665051348];;close;ASF
PEAGE DE VIRSAC;Péage de Virsac;Péage-de-Virsac;45.0235919;-0.4354379;2;[302010360,387740859];;close;ASF
THOUARCE;Thouarcé;24;47.3295057;-0.596352;1;[6367778328];;open;ASF
TONNAY CHARENTE;Tonnay-Charente;33;45.9550146;-0.8811779;2;[1116803661,1116803670];;open;ASF
ABLIS;Ablis;1;48.5288128;1.8324339;2;[3321275857,3321280179];;close;
CHARTRES EST;Chartres Est;2;48.4551129;1.5391447;4;[264064866,1375535641,1375535646,1375535663];;close;
THIVARS - CHARTRES THIVARS;Chartres-Thivars;3;48.3634354;1.444326;4;[254662308,1375532385,1375532386,1560431421];;close;
ILLIERS COMBRAY;Illiers-Combray;3.1;48.294416;1.2702437;2;[4850810028,4850810029];;close;
LUIGNY - BROU;Luigny;4;48.2345952;1.0331397;1;[197118807];;close;
LA FERTE BERNARD;La-Ferté-Bernard;5;48.1499662;0.6872078;4;[1679523552,1679523744,1679528040,3815563832];;close;
CONNERRE;Connerré;6;48.075376;0.4793078;2;[8631627001,8631733684];;close;
LE MANS NORD - LE MANS ZI NORD;Le-Mans-ZI-Nord;7;48.050376;0.1739762;7;[57565041,244893345,8525739242,8525739243,8525739244,8525739245,8525739246];;close;
AUVOURS;Auvours;23;48.0046451;0.3124879;2;[55440641,275169751];;close;
PARIGNE L EVEQUE;Parigné-l’Évêque;24;47.9556467;0.3202046;2;[57345005,60941644];;close;
ECOMMOY;Écommoy;25;47.82037;0.3016977;1;[282351799];;close;
MONTABON;Montabon;26;47.6860846;0.3714066;1;[472444139];;close;
PEAGE DE ST CHRISTOPHE;Péage de Tours centre Saint-Christophe;Péage de Tours centre Saint-Christophe;47.6382202;0.4967952;2;[55149606,55394714];;close;
PEAGE DU ROUMOIS;Péage du Roumois;Péage du Roumois;49.3539593;0.8350875;2;[248868492,248869003];;close;
BRIONNE;Brionne;13;49.2420686;0.7724971;1;[1265561526];;close;
BERNAY;Bernay;14;49.1376884;0.5780951;1;[469982848];;close;
BROGLIE OUEST - ORBEC;Broglie-Orbec;15;49.0344273;0.4432192;2;[81055576,1042834566];;close;
GACE;Gacé;16;48.774355;0.3062189;4;[1042826699,1042826707,3248212729,3250854437];;close;
SEES;Sées;17;48.6352041;0.1871255;5;[270111794,270111802,1260038730,2508032317,4357543559];;close;
PEAGE D ARGENTAN - ARGENTAN;Argentan;Argentan;48.6328851;0.1909656;2;[268212668,268212669];;close;COFIROUTE
ALENCON NORD;Alençon Nord;18;48.4530431;0.1240957;2;[28025816,5617171486];;close;
ALENCON SUD;Alençon Sud;19;48.3978618;0.1046972;2;[1274932342,1274932724];;close;
ROUESSE FONTAINE;Rouessé-Fontaine;20;48.31154;0.1335365;2;[458735366,2476554633];;close;
MARESCHE;Maresché;21;48.1967147;0.1688051;2;[458735332,1042813884];;close;
LE MANS OUEST;Le Mans Ouest;8;48.0217292;0.1273963;5;[57018993,264386251,8458461696,8458461699,8458461702];;close;
LE MANS SUD;Le Mans Sud;9;47.9737203;0.0575183;2;[73963126,7181036266];;close;
SABLE LA FLECHE;Sablé-La-Flèche;10;47.7755032;-0.2086032;2;[340097997,1716982137];;close;
DURTAL;Durtal;11;47.6678426;-0.2596964;2;[718696359,718697029];;close;
SEICHES SUR LE LOIR;Seiches-sur-Le-Loir;12;47.5664551;-0.3279756;2;[290812844,7171485717];;close;
PEAGE DE CORZE;Péage de Corzé-Angers;Péage de Corzé-Angers;47.5393628;-0.3410345;4;[259093186,1157490221,1157490222,1157490224];;close;
JOUE EN CHARNIE;Joué-en-Charnie;1;48.0043802;-0.2173331;2;[98322556,98322557];;close;
VAIGES;Vaiges;2;48.0555468;-0.4872759;4;[4690430236,4690430237,8394571417,8394571418];;close;
LAVAL EST;Laval Est;3;48.1076995;-0.7384822;3;[264788441,275173451,4876868264];;close;
LAVAL OUEST;Laval Ouest;4;48.1045802;-0.8343026;2;[287697090,2782616479];;close;
PEAGE DE LA GRAVELLE;Péage de La Gravelle;Péage de La Gravelle;48.0828379;-1.0276084;2;[49362760,49362776];;close;
BEAUFORT EN VALLEE;Beaufort-en-Vallée;1;47.4681192;-0.1935225;4;[1967477056,1967477187,1967477208,1967477478];;close;
LONGUE - LONGUE JUMELLES;Longué-Jumelles;2;47.4045141;-0.1159748;4;[1967766750,1967766760,1967766768,1967766796];;close;
VIVY SAUMUR;Vivy-Saumur;3;47.310571;-0.0317123;7;[249798721,482956516,12880598967,12880598968,12880598969,12880598970,12880598971];;close;
BOURGUEIL;Bourgueil;5;47.2532013;0.166591;2;[101480497,297326241];;close;
PEAGE DE RESTIGNE;Péage de Restigné;Péage de Restigné;47.2702961;0.2538241;2;[101497372,101497519];;close;
PEAGE DE VEAUCHETTE;Péage de Veauchette;Péage de Veauchette;45.560687;4.2418185;2;[28126748,28126751];;close;ASF
MONTBRISON MONTROND;Montbrison-Montrond;7;45.6373059;4.1960802;2;[34720192,36129702];;close;ASF
FEURS;Feurs;6;45.7375962;4.1862842;2;[4422927258,4422927259];;close;ASF
PEAGE DE ST ROMAIN DE POPEY;Péage de Saint-Romain-de-Popey;Péage de Saint-Romain-de-Popey;45.8719396;4.5088342;2;[1707787330,4422924493];;close;ASF
TARARE EST FERME;Tarare-Est-système-fermé;35;45.8719026;4.5088503;2;[4422924492,4422924495];;close;ASF
TARARE OUEST;Tarare-Ouest;34;45.8916265;4.4031281;2;[1204177181,5203028269];;close;ASF
BALBIGNY;Balbigny;33;45.8411009;4.1641534;2;[1366555922,1373820400];;close;ASF
ST GERMAIN LAVAL;Saint-Germain-Laval;32;45.8609213;4.0420209;1;[703160692];;close;ASF
NOIRETABLE;Noirétable;31;45.8493579;3.7942361;1;[82222593];;close;ASF
THIERS EST;Thiers Est;30;45.8787911;3.6248586;2;[285818973,4422919911];;close;ASF
THIERS OUEST;Thiers Ouest;29;45.8599682;3.5037813;2;[560799932,4422919071];;close;ASF
LEZOUX;Lezoux;28;45.8485714;3.383616;2;[285839327,295028548];;close;ASF
PEAGE DES MARTRES D ARTIERE;Péage des Martres-d'Artière;Péage des Martres-d'Artière;45.8279708;3.2411609;2;[2087934,28126222];;close;ASF
TARARE EST OUVERT;Tarare Est-système-ouvert;35;45.8763081;4.522054;2;[1400972216,1707784060];;open;ASF
MANZAT;Manzat;27;45.9539605;2.9826574;5;[432436227,9291141569,9291141572,9291141575,9291141583];;close;APRR
VULCANIA BROMONT;Vulcania-Bromont;26;45.8339019;2.822617;1;[4255789073];;close;APRR
ST JULIEN SANCY;Saint-Julien-Sancy;25;45.6663047;2.6824524;2;[288149616,444805506];;close;APRR
USSEL EST;Ussel Est;24;45.5889363;2.4145518;2;[944248712,944248772];;close;APRR
USSEL OUEST;Ussel Ouest;23;45.5124063;2.2588909;2;[705563120,4422912952];;close;APRR
EGLETONS;Egletons;22;45.4073918;2.0211932;1;[921929655];;close;APRR
TULLE EST;Tulle Est;21;45.3181188;1.8503589;2;[3922204754,3922204755];;close;APRR
TULLE NORD;Tulle Nord;20;45.3290189;1.7639661;1;[1125653080];;close;APRR
PEAGE DE ST GERMAIN LES VERGNES;Péage de Saint-Germain-les-Vergnes;Péage de Saint-Germain-les-Vergnes;45.2839317;1.6171681;2;[28126039,28126040];;close;APRR
PEAGE DE CLERMONT;Clermont Barrière;Clermont Barrière;45.8413126;3.1610281;2;[2015469,26188874];;close;APRR
GERZAT;Gerzat Ville;14;45.8419673;3.1608014;4;[26189019,360688779,376962116,376962319];;close;APRR
RIOM;Riom;13;45.8955545;3.1481729;2;[6306677688,6306677694];;close;APRR
COMBRONDE;Combronde;12.1;45.9960339;3.1046691;4;[2441958671,2441958683,6289699841,6311518304];;close;APRR
PEAGE DE GANNAT - GANNAT;Gannat;Gannat;46.0980771;3.1356526;2;[50771124,429833002];;close;APRR
MONTMARAULT;Montmarault;11;46.3276582;2.9663511;2;[26265393,239563333];;close;APRR
PEAGE DE DEUX CHAISES - DEUX CHAISES;Deux-Chaises;APRR;46.3703031;3.0276811;2;[10601205061,10601205062];;close;APRR
PEAGE DE MONTLUCON - MONTLUCON;Montluçon;Montluçon;46.3964311;2.7112613;2;[4330970608,4330970609];;close;APRR
FORET DE TRONCAIS;Forêt-de-Tronçais;9;46.5064795;2.6303355;1;[327506022];;close;APRR
ST AMAND MONTROND;Saint-Amand-Montrond;8;46.7220021;2.4583168;1;[190755700];;close;APRR
BOURGES;Bourges;7;47.0448918;2.3417968;2;[33148650,2095595179];;close;APRR
VIERZON EST;Vierzon Est;6;47.2118385;2.1184157;2;[303191561,369043557];;close;APRR
VIERZON NORD;Vierzon Nord;5;47.2438063;2.0644035;2;[26265822,482593907];;close;APRR
VILLEFRANCHE SUR CHER - ROMORANTIN;Romorantin;14;47.3245608;1.7656674;2;[58917023,1902659897];;close;APRR
CHEMERY - SELLES SUR CHER;Selles-sur-Cher;13;47.3246739;1.5001828;2;[28099229,28121110];;close;APRR
ST ROMAIN SUR CHER - SAINT AIGNAN SUR CHER;Saint-Aignan-sur-Cher;12;47.3065782;1.3531066;2;[1405976152,1405976248];;close;APRR
BLERE;Bléré;11;47.2864836;0.9844652;2;[228863617,2105191531];;close;APRR
ESVRES;Esvres;10;47.3071705;0.7960772;1;[61275307];;close;APRR
PEAGE DE VEIGNE;Péage de Veigné;Péage de Veigné;47.3120032;0.7352858;2;[1911871879,1911871885];;close;APRR
SALBRIS;Salbris;4;47.4185485;2.025665;2;[578797805,578799574];;close;APRR
LAMOTTE BEUVRON;Lamotte-Beuvron;3;47.5817361;1.9910306;1;[370669859];;close;APRR
OLIVET;Olivet;2;47.8408587;1.8693513;2;[300994716,314081185];;close;APRR
ORLEANS CENTRE;Orléans Centre;1;47.8982384;1.8531879;3;[250286697,393454821,11101216886];;close;APRR
PEAGE DE ST ARNOULT;Péage de Saint-Arnoult;Péage de Saint-Arnoult;48.5536289;1.9303383;5;[26209736,26210039,4127019592,4127019613,8394699087];;close;APRR
ALLAINVILLE;Allainville;11;48.456566;1.9083125;3;[292944726,292944753,5702872167];;close;APRR
ALLAINES;Allaines;12;48.205309;1.8459556;2;[247189294,303811524];;close;APRR
ARTENAY;Artenay;13;48.0841897;1.8557181;2;[26228454,26228469];;close;APRR
GIDY;Saran-Gidy;13.1;47.9670494;1.8515589;2;[11380222931,11380222932];;close;APRR
ORLEANS NORD;Orléans Nord;14;47.9495887;1.8546514;2;[26209874,26210037];;close;APRR
MEUNG SUR LOIRE;Meung-sur-Loire;15;47.832803;1.6690019;1;[303350369];;close;APRR
MER;Mer;16;47.7285632;1.5086201;1;[448438837];;close;APRR
BLOIS;Blois;17;47.6215008;1.3464557;2;[95914543,3722209738];;close;APRR
AMBOISE CHATEAU RENAULT;Amboise-Château-Renault;18;47.5428585;0.9848382;2;[306620171,11004965800];;close;APRR
PEAGE DE MONNAIE;Péage de Monnaie;;47.4903389;0.8194191;2;[306622478,306622595];;close;APRR
ESCRENNES;Escrennes;8;48.11639;2.1911176;2;[461625472,3736753049];;close;APRR
AUXY;Auxy;7;48.0853357;2.4727593;2;[1651430004,1651430019];;close;APRR
GONDREVILLE NORD;Gondreville;6;48.0607779;2.6676442;3;[4434463568,4434463569,6392046370];;close;APRR
GONDREVILLE SUD;Gondreville;6;42.0606642;2.6676092;3;[4434463567,4434463570,6392046377];;close;APRR
FONTENAY SUR LOING;Fontenay-sur-Loing;5;48.0641618;2.7670794;2;[1339371506,4332104483];;close;APRR
ST HILAIRE LES ANDRESIS - SAINT HILAIRE LES ANDRESIS;Saint-Hilaire-les-Andrésis;4;48.0368366;3.0225587;2;[1264038008,1810705536];;close;APRR
SAVIGNY SUR CLAIRIS;Savigny-sur-Clairis;3;48.0559454;3.0880896;2;[1820927791,1820927832];;close;APRR
VILLENEUVE DONDAGRE;Villeneuve-Dondagre;2;48.1496404;3.1713746;2;[3296768915,3296768950];;close;APRR
ST DENIS LES SENS - SAINT DENIS LES SENS;Saint-Denis-lès-Sens;1;48.2369888;3.262201;8;[332248643,924440768,6134878380,6134878383,6134878384,6134879085,6134879086,6134879090];;close;APRR
PEAGE DE FLEURY EN BIERE;Péage de Fleury-en-Bière;Péage de Fleury-en-Bière;48.4266295;2.5401807;3;[35675144,1801078049,1883772392];;close;APRR
URY;Ury;14;48.338634;2.5954312;2;[28870546,28870547];;close;APRR
FONTAINEBLEAU;Fontainebleau;15;48.2896884;2.6832481;2;[456955619,650926914];;close;APRR
NEMOURS;Nemours;16;48.2695319;2.71338;2;[649150142,649587072];;close;APRR
COURTENAY;Courtenay;17;48.0597651;3.0952651;2;[260171882,1820928798];;close;APRR
JOIGNY;Joigny;18;47.9383172;3.244093;4;[140090191,247389529,1430770870,1825795624];;close;APRR
AUXERRE NORD;Auxerre Nord;19;47.8516154;3.5486952;2;[126217,255936638];;close;APRR
AUXERRE SUD;Auxerre Sud;20;47.7967621;3.6528479;1;[811337384,10016778714];;close;APRR
NITRY;Nitry;21;47.6591113;3.8795829;2;[828809344,1098856873];;close;APRR
AVALLON;Avallon;22;47.5093282;3.992068;2;[28868612,28868623];;close;APRR
BIERRE LES SEMUR;Bierre-lès-Semur;23;47.4365874;4.3094972;2;[289537324,289537367];;close;APRR
PEAGE DE POUILLY EN AUXOIS;Péage de Pouilly-en-Auxois;Péage de Pouilly-en-Auxois;47.2524848;4.5611717;2;[28868663,58805387];;close;APRR
BEAUNE NORD;Beaune Nord;24;47.0419741;4.850623;2;[279341406,711774392];;close;APRR
BEAUNE SUD;Beaune Sud;24.1;47.0024231;4.8547961;3;[245806764,289537452,5741047101];;close;APRR
CHALON NORD;Chalon Nord;APRR;46.8304241;4.8317434;2;[12171437315,12171437316];;close;APRR
CHALON CENTRE;Chalon Centre;25.2;46.8025546;4.829904;8;[1693318417,1693318419,2385615588,2385615592,2385615595,2385615599,2385615601,9713436538];;close;APRR
CHALON SUD;Chalon Sud;26;46.754768;4.8331365;8;[289537479,720744291,2385481454,2385481455,2385481456,2385481457,2385483658,2385483659];;close;APRR
TOURNUS;Tournus;27;46.5790969;4.9011715;2;[211475830,258942957];;close;APRR
MACON NORD;Mâcon Nord;28;46.365966;4.8393236;2;[211276424,258934071];;close;APRR
MACON SUD;Mâcon Sud;29;46.2830087;4.7928327;2;[13380042,13380044];;close;APRR
BELLEVILLE SUR SAONE;Belleville-Sur-Saône;30;46.1038175;4.7502931;2;[276599460,392059515];;close;APRR
VILLEFRANCHE NORD;Villefranche Nord;31.1;46.0223536;4.7220235;2;[256748954,290195298];;close;APRR
VILLEFRANCHE VILLE;Villefranche Ville;31.2;45.9768763;4.7347339;5;[7623043929,7623043930,7623043933,7623043934,12463829779];;close;APRR
PEAGE DE VILLEFRANCHE LIMAS;Péage de Villefranche-Limas;Péage de Villefranche-Limas;45.9732236;4.7324254;2;[2408730593,2408730611];;close;APRR
VAL DE LOING SOUPPES;Val-de-Loing-Souppes;17;48.1763227;2.7668025;2;[35665218,35665220];;close;APRR
PEAGE DE VAL DE LOING BARRIERE;Val-de-Loing Barrière;17;48.1763308;2.7668822;2;[247393077,247393080];;close;APRR
PEAGE DES EPRUNES;Péage des Eprunes;Péage des Eprunes;48.5891526;2.65705;2;[1389350279,1389350280];;close;APRR
ST GERMAIN LAXIS - SAINT GERMAIN LAXIS;Saint-Germain-Laxis;15;48.5880155;2.7247238;2;[690686570,1477388127];;close;APRR
CHATILLON LABORDE;Chatillon-La Borde;16;48.5422046;2.7975037;2;[131854822,261058618];;close;APRR
FORGES;Forges;17;48.4213725;2.9432973;2;[323144666,324391958];;close;APRR
MAROLLES SUR SEINE;Marolles-sur-Seine;18;48.3801783;3.0203703;2;[317670287,317670314];;close;APRR
VULAINES;Vulaines;19;48.2377942;3.6012971;2;[331203148,828930660];;close;APRR
TORVILLIERS;Torvilliers;20;48.2844446;3.965953;2;[4189960633,4189960634];;close;APRR
ST THIBAULT - SAINT THIBAULT;Saint-Thibault;21;48.2233891;4.1297359;2;[3089029407,3089029424];;close;APRR
MAGNANT;Magnant;22;48.1791079;4.4406086;2;[828894371,1665577393];;close;APRR
VILLE SOUS LA FERTE;Ville-sous-la-Ferté;23;48.1149682;4.7855547;1;[511062430];;close;APRR
CHAUMONT SEMOUTIERS;Chaumont-Semoutiers;24;48.0428105;5.0592698;2;[412553203,540556952];;close;APRR
THENNELIERES;Thennelières;23;48.289342;4.1629475;2;[502976800,1049830277];;close;APRR
CHARMONT SOUS BARBUISE;Charmont-sous-Barbuise;22;48.4103294;4.1438377;2;[673351722,3050827007];;close;APRR
VALLEE DE L AUBE;Vallée-de-l'Aube;21;48.5254684;4.1855778;2;[1695359055,1695359059];;close;APRR
SOMMESOUS;Sommesous;20;48.7298276;4.2292654;2;[865277253,865277258];;close;APRR
VATRY;Vatry;19;48.7676355;4.2399554;2;[1344207311,1344207363];;close;APRR
MONT CHOISY;Mont-Choisy;18;48.910712;4.2881712;2;[243198059,1575767382];;close;APRR
ST GIBRIEN - SAINT GIBRIEN;Saint-Gibrien;17;48.9735998;4.2886495;2;[264756447,1042719181];;close;APRR
PEAGE DE REIMS EST;Péage de Reims Est;Péage de Reims Est;49.2115374;4.0785028;2;[23217938,23217941];;close;APRR
REIMS SUD;Péage de Reims Sud;23;49.2051715;4.0065175;2;[1927899111,1927899628];;close;APRR
PEAGE REIMS NORD;Péage de Reims Nord;Péage de Reims Nord;49.246236;3.9622758;2;[1520347089,1520347114];;close;APRR
REIMS OUEST;Péage de Reims Ouest;22;49.2496005;3.9558387;2;[1433077455,1520347094];;close;APRR
DORMANS;Dormans;21;49.153751;3.7169903;2;[1830159108,1830159112];;close;APRR
CHATEAU THIERRY;Château-Thierry;20;49.0784022;3.3987808;2;[1382180500,1382180508];;close;APRR
MONTREUIL REIMS - MONTREUIL AUX LIONS;Montreuil-aux-Lions;19;49.0132565;3.1552689;4;[4390079353,4390079354,4390079355,4390079356];;close;APRR
PEAGE DE MONTREUIL AUX LIONS;Péage de Montreuil-aux-Lions;19;49.0096803;3.1456152;3;[635884768,635884770,5702872138];;close;APRR
CHALONS LA VEUVE;Châlons en Champagne-La Veuve;24;49.0428396;4.3217468;4;[30813498,1871925918,3149727734,3149752422];;close;APRR
ST ETIENNE AU TEMPLE - SAINT ETIENNE AU TEMPLE;Saint-Etienne-au-Temple;28;49.0334402;4.4358734;2;[1575874810,1575874813];;close;APRR
STE MENEHOULD - SAINTE MENEHOULD;Sainte Menehould;29;49.0763749;4.8837392;2;[21528882,310301329];;close;APRR
CLERMONT EN ARGONNE;Clermont-en-Argonne;29.1;49.0944409;5.1017163;2;[307631007,9241234240];;close;APRR
VOIE SACREE;Voie-Sacrée;30;49.0938355;5.2784389;2;[1575874816,5636803321];;close;APRR
VERDUN;Verdun;31;49.1109692;5.4138552;1;[230233305];;close;APRR
FRESNES EN WOEVRE;Fresnes-en-Woevre;32;49.1291065;5.6212762;2;[1387739267,3921619586];;close;APRR
JARNY;Jarny;33;49.1999154;5.9016705;1;[1575874809];;close;APRR
PEAGE DE BEAUMONT;Péage de Beaumont;Péage de Beaumont;49.1990129;5.9242368;2;[30801937,150873766];;close;APRR
PEAGE DE GYE;Péage de Gye;Péage de Gye;48.6297148;5.8833117;2;[1482474156,1482474157];;close;APRR
COLOMBEY LES BELLES;Colombey-les-Belles;11;48.5406483;5.9089246;2;[6283553420,6283553421];;close;APRR
CHATENOIS SUD - CHATENOIS;Chatenois;10;48.2994713;5.8529366;1;[1054617575];;close;APRR
BULGNEVILLE;Bulgneville;9;48.2157812;5.8325029;1;[289635259];;close;APRR
ROBECOURT;Robecourt;8.1;48.1460604;5.6874369;4;[613525527,613525538,659768198,659768209];;close;APRR
MONTIGNY LE ROI;Montigny-le-Roi;8;47.997372;5.5118949;2;[586530226,1054665949];;close;APRR
LANGRES NORD;Langres Nord;7;47.9351554;5.2867691;2;[243763172,1054674013];;close;APRR
LANGRES SUD;Langres Sud;6;47.7923617;5.2262935;2;[1419329118,1419329124];;close;APRR
TIL CHATEL;Til-Châtel;5;47.5387434;5.1947119;2;[839038429,6017249052];;close;APRR
DIJON ARC SUR TILLE;Dijon-Arc-sur-Tille;4;47.3446742;5.1593268;2;[934821090,934821205];;close;APRR
PEAGE DE DIJON SUD;Péage de Dijon Sud;Péage de Dijon Sud;47.2612255;5.0333664;3;[27509156,27509158,31415199];;close;APRR
NUITS ST GEORGES - NUITS SAINT GEORGES;Nuits-Saint-Georges;1;47.1309722;4.9672925;2;[57760493,279441849];;close;APRR
SEURRE;Seurre;1;47.0293728;5.1702888;2;[1034029729,1034029730];;close;APRR
DOLE;Dole;2;47.1360589;5.5062258;2;[609217653,609218048];;close;APRR
GENDREY;Gendrey;2.1;47.1835108;5.7088685;2;[2561189904,2561189908];;close;APRR
BESANCON OUEST;Besançon Ouest;3;47.2347307;5.8981115;2;[343206372,343206373];;close;APRR
BESANCON NORD;Besançon Nord;4;47.2761169;5.9879716;2;[317071039,1373677796];;close;APRR
BESANCON EST;Besançon Est;4.1;47.3323071;6.1512694;2;[814664691,814664757];;close;APRR
BAUME LES DAMES;Baume-les-Dames;5;47.3710062;6.3797317;2;[341343259,370025627];;close;APRR
L ISLE SUR LE DOUBS;L'isle-sur-le-Doubs;6;47.4125179;6.5856079;2;[32699885,32699891];;close;APRR
PEAGE DE ST MAURICE;Péage de Saint-Maurice;Péage de Saint-Maurice;47.4253686;6.6711249;2;[13835106,36304281];;close;APRR
PEAGE DE DIJON CRIMOLOIS;Péage de Dijon-Crimolois;Péage de Dijon-Crimolois;47.2769114;5.1379222;2;[13835994,24922276];;close;APRR
SOIRANS;Soirans;5;47.2053403;5.3050035;1;[609200151];;close;APRR
CHOISEY;Choisey;6;47.0646274;5.4468518;2;[410642970,410650377];;close;APRR
PEAGE DE BERSAILLIN;Péage de Bersaillin;Péage de Bersaillin;46.8492838;5.5745067;2;[207278408,664688045];;close;APRR
ARLAY;Arlay;7.1;46.7778289;5.5185989;1;[4415773260];;close;APRR
BEAUREPAIRE;Beaurepaire;8;46.6664307;5.4189821;2;[1581498325,2199932050];;close;APRR
LE MIROIR;Le Miroir;9;46.5474715;5.3265684;2;[4415774336,4415774337];;close;APRR
BEAUPONT;Beaupont;10;46.4409805;5.2698552;2;[727755213,2833842348];;close;APRR
PEAGE DE VAL DE SAONE;Péage Val de Saône;Péage Val de Saône;46.2953901;4.8978335;2;[291747385,471330156];;close;APRR
MACON CENTRE;Mâcon centre;1;46.3401042;4.8472814;3;[1732420087,1732420093,1739757654];;close;APRR
FEILLENS;Feillens;2;46.3288346;4.8824112;1;[469060027];;close;APRR
REPLONGES;Replonges;3;46.3007801;4.8957548;2;[228876004,1597432903];;close;APRR
ST GENIS - SAINT GENIS;Saint-Genis;4;46.2722265;5.0158394;2;[987093311,987094003];;close;APRR
BOURG NORD;Bourg Nord;5;46.2599489;5.1669614;2;[21760589,652123095];;close;APRR
VIRIAT;Viriat;6;46.2357293;5.2734836;2;[1330238093,1330238094];;close;APRR
BOURG SUD;Bourg Sud;7;46.1456922;5.2862738;2;[25946087,317802090];;close;APRR
ST MARTIN DU FRESNE - SAINT MARTIN DU FRESNE;Saint-Martin-du-Fresne;8;46.1324281;5.5415206;1;[410246295];;close;APRR
SYLANS SUD - SYLANS;Sylans;9;46.1585737;5.6483351;2;[292356937,292356996];;close;APRR
BELLEGARDE;Bellegarde;10;46.1160243;5.795008;2;[2150890046,2150890048];;close;APRR
ELOISE;Eloise;11;46.06516;5.8639647;2;[30781582,410245598];;close;APRR
PEAGE DE VIRY;Péage de Viry;Péage de Viry;46.1200143;6.0095423;2;[21700511,21700610];;close;APRR
LA CROIX CHALON;La Croix Chalon;9;46.1777171;5.5590084;2;[291568677,291568687];;close;APRR
PEAGE DE GROISSIAT - GROISSIAT;Groissiat;Groissiat;46.2237181;5.6140918;7;[18267636,18267637,9247763979,9247763980,9247763981,9247763982,9247763993];;close;APRR
PONT D AIN;Pont-d'Ain;9;46.0481257;5.3278855;1;[84428307];;close;APRR
AMBERIEU - AMBERIEU EN BUGEY;Ambérieu-en-Buguey;8;45.9776792;5.312599;2;[142831,36534628];;close;APRR
PEROUGES;Pérouges;7;45.8607917;5.1812783;2;[1374640112,1374640131];;close;APRR
BALAN;Balan;6;45.851012;5.0994272;5;[25783301,774739116,2422255483,2422255492,2422255497];;close;APRR
LA BOISE MONTUEL - LA BOISSE MONTLUEL;La Boisse-Montuel;5.1;45.8407595;5.0469894;2;[773072337,773072342];;close;APRR
PEAGE DE BEYNOST - BEYNOST;Beynost;Beynost;45.8206664;4.9939405;2;[143584,21670932];;close;APRR
PEAGE DE LA COTIERE;Péage de la Côtière;Péage de la Côtière;45.83428;5.0314003;3;[727671128,1190068311,2596549075];;close;APRR
PEAGE DE LA BOISSE;Péage de La Boisse;Péage de La Boisse;45.8277301;5.0326389;3;[143602,18169277,1405960889];;close;APRR
AIGUEBELETTE;Aiguebelette;3007;45.576882;5.7992485;2;[36675385,267138475];;close;AREA
AITON;Aiton;3033;45.5559554;6.2481429;2;[25631385,27087837];;close;AREA
AIX NORD;Aix Nord;3010;45.7161491;5.922156;6;[30904133,4423736545,7190727963,7190727964,7190727965,7190727966];;close;AREA
AIX SUD;Aix Sud;3009;45.653626;5.9216532;5;[6367206763,6367206764,6367206765,6367206766,6367206767];;close;AREA
ALLONZIER;Allonzier;3014;45.9897608;6.1277756;2;[26085850,291392948];;close;AREA
ANNECY CENTRE;Annecy Centre;3012;45.8979211;6.0925664;9;[6484553454,6484553462,7923639031,7923639037,7923639073,7923639074,7923639075,7923639076,7923639077];;close;AREA
ANNECY NORD;Annecy Nord;3013;45.9388473;6.1169789;10;[4384995460,4384995461,4384995462,4560499238,5141229545,5141229547,5141229549,5141229701,7923473432,7923473433];;close;AREA
BOURGOIN;Bourgoin;3004;45.5822626;5.3002391;2;[36713429,261946952];;close;AREA
CHAMBERY NORD;Chambéry Nord;3008;45.6024284;5.8867608;23;[12608140,12608143,2408917631,2408917632,2408917633,2408917634,2408917635,2408917636,2408917637,2408917638,2408917639,2408917640,2408917641,2408917642,2408917643,2408917644,2408917645,2408917646,2408917647,2408917648,2408917649,2408917650,2408917651];;close;AREA
CHATUZANGE BARRIERE;Chatuzange Barrière;3091;45.0259152;5.0969532;2;[809154,810324];;close;AREA
CHESNES;Chesnes;3071;45.6556504;5.0979386;2;[260490708,260490725];;open;AREA
CHIGNIN BARRIERE;Chignin Barrière;3026;45.5126775;6.0022092;3;[12610219,12610220,4460945394];;close;AREA
CHIGNIN BRETELLE;Chignin Bretelle;3027;45.5112648;6.0045729;2;[60314514,4423761565];;open;AREA
CHIGNIN LES MARCHES;Chignin Les Marches;3025;45.5090272;6.0062545;2;[60314536,429600582];;close;AREA
CROLLES BARRIERE;Crolles Barrière;3021;45.2717703;5.9007427;2;[12536314,12536316];;close;AREA
CROLLES BRIGNOUD;Crolles-Brignoud;3022;45.271791;5.90069;2;[27297173,27297216];;close;AREA
CURSEILLES EST OUEST A41N;Cruseilles;15017;45.9933364;6.1280537;1;[4423745204,4393680581];;open;AREA
CURSEILLES EST OUEST A410;Cruseilles;15017;45.9933709;6.1281654;1;[4423745205,4393680580];;open;AREA
HERMILLON;Hermillon;52;45.2989217;6.3552921;2;[60305316,82502276];;close;AREA
ISLE D ABEAU CENTRE;L'Isle-d'Abeau Centre;3003;45.605103;5.2344726;2;[19224143,267571099];;close;AREA
LA BAUME D HOSTUN;La Baume d'Hostun;3092;45.064633;5.2080027;2;[15861717,29789322];;close;AREA
LA TOUR DU PIN;La Tour-du-Pin;3005;45.5618738;5.4288421;2;[13871528,13871529];;close;AREA
LA TOUR DU PIN EST;La Tour-du-Pin Est;3072;45.5571846;5.4628749;2;[2166249271,2166249288];;close;AREA
LE CROZET;Le Crozet;3041;45.0454854;5.6787994;2;[565902,26660567];;open;AREA
LE TOUVET;Le Touvet;3023;45.3474721;5.9636052;2;[35340135,298941861];;close;AREA
LES ABRETS;Les Abrets;3006;45.5713824;5.6041018;2;[142940,623483095];;close;AREA
MOIRANS;Moirans;3084;45.3200799;5.607543;2;[137090,258027361];;close;AREA
MOIRANS NORD;Moirans Nord;3083;45.3234894;5.6028346;2;[2407621699,3177528677];;close;AREA
MONTMELIAN;Montmélian;3031;45.4949937;6.0575949;2;[27086904,411797121];;close;AREA
PONTCHARRA;Pontcharra;3024;45.4258536;5.9951768;2;[289258237,289258239];;close;AREA
RIVES;Rives;3085;45.3840979;5.4730239;2;[13871640,14638934];;close;AREA
RUMILLY;Rumilly;3011;45.8158454;6.006903;2;[5897323503,5897323504];;close;AREA
SAINT EXUPERY;Saint Exupéry;3070;45.6727252;5.0514167;2;[143224,18168123];;open;AREA
SAINT GENIX SUR GUIERS;Saint-Genix-sur-Guiers;3061;45.5727704;5.6591386;1;[257784733];;close;AREA
SAINT MARCELLIN;Saint-Marcellin;3093;45.1382768;5.3261599;4;[13871876,21561471,9247767305,9247767306];;close;AREA
SAINT PIERRE D ALBIGNY;Saint-Pierre-d'Albigny;3032Saint-Pierre-d'Albigny;45.5488777;6.1599137;2;[279140830,412092432];;close;AREA
SEYNOD SUD;Seynod Sud;3020;45.8459699;6.0578384;2;[773491363,773491371];;close;AREA
ST MARTIN BELLEVUE A41 N;Saint-Martin-Bellevue;3015;45.9897553;6.1277404;4;[505680,505681];;close;AREA
ST MARTIN BELLEVUE A410;Saint-Martin-Bellevue;3015;45.9898140;6.1283793;2;[332477934,332477935];;close;AREA
ST PIERRE BELLEVILLE;Saint Pierre Belleville;2050;45.469812;6.2871707;2;[322869087,2188188012];;close;AREA
ST QUENTIN FAL BARRIERE;Saint-Quentin-Fal. Barrière;3001;45.6483669;5.1200573;2;[143255,143256];;close;AREA
ST QUENTIN FAL BRETELLE;Saint-Quentin-Fal. Bretelle;3002;45.64851;5.1201314;2;[243072571,302229238];;close;AREA
STE HELENE BARRIERE;Sainte-Hélène-Barrière;3034;45.6199212;6.3119232;2;[13561190,15809877];;close;AREA
STE MARIE DE CUINES;Sainte-Marie-de-Cuines;51;45.3460087;6.3055052;2;[21032868,21032874];;close;AREA
TULLINS;Tullins;3095;45.2870178;5.5218684;2;[137232,36715162];;close;AREA
VILLEFONTAINE;Villefontaine;3062;45.6284645;5.1644734;2;[2993275543,2993283810];;close;AREA
VINAY - VIRY;Vinay;3094;45.1994862;5.419409;2;[21032382,25452344];;close;AREA
VOIRON;Voiron;3086;45.347549;5.5664029;2;[27174404,27174434];;close;AREA
VOREPPE BARRIERE;Voreppe Barrière;3087;45.2831859;5.6216873;2;[126236,136834];;close;AREA
COPPONEX;Copponex;15019;46.0500633;6.080934;2;[848265449,872150533];;open;AREA
ST MICHEL MAURIENNE BAR;Saint-Michel-Barrière;56;45.218696;6.4590391;9;[5923855978,267165980,5923857300,5923857299,5923857298,5923857297,267166028,5923857301,5923857296];;close;SFTRF
ST MICHEL MAURIENNE ECH;Saint-Michel-Echangeur;54;45.2185495;6.4589619;5;[641831295,5923855974,5923855968,5923855965,423739665];;close;SFTRF
CROTTET;Crottet;Crottet;46.2867138;4.8701066;2;[471322064,471322065];;open;APRR
DORDIVES;Dordives;Dordives;48.1724553;2.7661741;2;[242800246,242800358];;open;APRR
FONTAINE LARIVIERE;Fontaine Larivière;Fontaine Larivière;47.675968;6.9817416;2;[215113118,215113122];;open;APRR
GENAY;Genay;Genay;45.9003691;4.819361;2;[173269453,173269485];;open;APRR
LE TOURNEAU;Le Tourneau;Le Tourneau;47.9929422;2.6775813;2;[247393144,247393204];;open;APRR
MIONNAY;Mionnay;Mionnay;45.883043;4.8989851;2;[1562494772,9462556154];;open;APRR
MYENNES;Myennes;Myennes;47.4373764;2.9406583;2;[48837113,48842745];;open;APRR
QUINCIEUX BARRIERE;Quincieux Barrière;Quincieux Barrière;45.9079069;4.7382319;2;[3635137012,3635145303];;open;APRR
VICHY;Vichy;Vichy;46.1384815;3.351355;2;[4851705508,4851705509];;open;APRR
ANCENIS DIR ANGERS;Ancenis;;47.402548;-1.1935247;2;[331944036,2463694870];;open;COFIROUTE
ANCENIS DIR NANTES;Ancenis;;47.3993627;-1.1927741;2;[1157608675,2463694844];;open;COFIROUTE
ANCENIS PEAGE;Ancenis;;47.4006985;-1.195879;3;[6279355554,6279355555,50698281];;open;COFIROUTE
BEAUPREAU SAINT GERMAIN;Beaupreau-saint-germain;19;47.4317189;-0.8163578;2;[1375334829,1375334831];;open;
DOURDAN;La Folie Bessin-Dourdan;10;48.5696351;1.9902419;2;[2814507717,2814507720];;close;
SAINT JEAN DE LINIERES;Saint-Jean_de_Linières;18;47.4665473;-0.6860373;2;[1465598768,1465598784];;open;
TOURS CENTRE CANDE;Tours centre-cande;Tours centre-cande;47.3036812;0.6883244;2;[6168514563,6168514564];;open;
VIEILLEVILLE;Vieilleville;22;47.2913532;-1.4803645;2;[357302937,448420478];;open;
ABBEVILLE EST N°22;ABBEVILLE EST;1;50.0998021;1.8695406;;[300407818, 304672214];;close;Sanef
ABBEVILLE NORD N°23;ABBEVILLE NORD;2;50.1352972;1.8109083;;[304663622, 304664253];;close;Sanef
AIRE-SUR-LA-LYS N°4;AIRE SUR LA LYS;3;50.6682431;2.2561597;;[242826082, 8951761695];;close;Sanef
ALBERT N°13.1;ALBERT;4;49.9656825;2.8632864;;[264993278, 1200494231];;close;Sanef
AMIENS EST (péage de Jules Verne);PEAGE DE JULES VERNE;5;49.8590510;2.3968010;;[262861318, 3836267226];;close;Sanef
AMIENS NORD N°20;AMIENS NORD;6;49.9338209;2.2436660;;[304673263, 427819482];;close;Sanef
AMIENS OUEST N°19;AMIENS OUEST;7;49.8918216;2.2383655;;[54774589, 9063255096];;close;Sanef
AMIENS SUD (péage de Dury);PEAGE DE DURY;8;49.8536130;2.2493820;;[32425386, 241054650];;close;Sanef
ARRAS EST (A1) N°15;ARRAS EST;9;50.2693557;2.8639145;;[32213712, 1269194826];;close;Sanef
ARRAS NORD (A26) N°7;ARRAS NORD;10;50.3451135;2.7875823;;[1371770814, 1409048067];;close;Sanef
ATHIES N°54;ATHIES;11;49.8385150;2.9907942;;[1684777150, 1684777167];;close;Sanef
AUMALE N°12;AUMALE;12;49.7583523;1.6994479;;[270355986, 289611179, 1433638219, 3372819625];;close;Sanef
BAPAUME N°14;BAPAUME;13;50.1041936;2.8678414;;[270370119, 3376518340];;close;Sanef
BEAUVAIS CENTRE N°14;BEAUVAIS CENTRE;14;49.4014624;2.1226613;;[1824875347, 4365381373, 5522482829];;close;Sanef
BEAUVAIS NORD N°15;BEAUVAIS NORD;15;49.4336723;2.1261477;;[1121574488, 1121574741];;close;Sanef
BERCK N°25;BERCK N°25;16;;;;;;close;Sanef
BÉTHUNE N°6;BETHUNE;17;50.5140434;2.6176956;;[481373537, 481373539];;close;Sanef
BOULAY N°36;BOULAY N°36;18;;;;;;close;Sanef
BOULOGNE EST (péage d'Herquelingue);PEAGE D HERQUELINGUE;19;50.6887671;1.6418879;;[302112697, 9131185464];;close;Sanef
CALAIS (péage de Setques);PEAGE DE SETQUES;20;50.7191499;2.1726250;;[23059466, 23059471];;close;Sanef
CAMBRAI N°14;CAMBRAI MARQUION;21;50.2025031;3.1069730;;[1371703167, 1371703269];;close;Sanef
CHÂLONS-EN-CHAMPAGNE / LA VEUVE N°24;CHALONS EN CHAMPAGNE LA VEUVE;22;49.0428396;4.3217468;;[30813498, 1871925918, 3149727734, 3149752422];;close;Sanef
CHARMONT-SOUS-BARBUISE N°22;CHARMONT SOUS BARBUISE;23;48.4103294;4.1438377;;[673351722, 3050827007];;close;Sanef
CHÂTEAU-THIERRY N°20;CHATEAU THIERRY;24;49.0784022;3.3987808;;[1382180500, 1382180508];;close;Sanef
CLERMONT-EN-ARGONNE N°27;CLERMONT EN ARGONNE;25;49.0944409;5.1017163;;[307631007, 9241234240];;close;Sanef
COMPIÈGNE OUEST N°10;COMPIEGNE OUEST;26;49.3989901;2.6991568;;[1521075220, 4365283548];;close;Sanef
DORMANS N°21;DORMANS;27;49.1537510;3.7169903;;[1830159108, 1830159112];;close;Sanef
ESSERTAUX N°17;ESSERTAUX;28;49.7397628;2.2288393;;[4415568288, 4415569389];;close;Sanef
ETAPLES / LE TOUQUET N°26;ETAPLES LE TOUQUET;29;50.5068358;1.6797916;;[280985131, 302017374];;close;Sanef
FAREBERSVILLER N°39;FAREBERSVILLER N°39;30;;;;;;close;Sanef
FRESNES-EN-WOËVRE N°30;FRESNES EN WOEVRE;31;49.1291065;5.6212762;;[1387739267, 3921619586];;close;Sanef
FREYMING-MERLEBACH (A320);FREYMING-MERLEBACH (A320);32;;;;;;close;Sanef
GARE TGV N°53;GARE TGV;33;49.8555480;2.8307399;;[2106685427, 2106685535];;close;Sanef
GUIGNICOURT N°14;GUIGNICOURT;34;49.4269975;3.9280870;;[882099674, 1519807832];;close;Sanef
HARDIVILLERS N°16;HARDIVILLERS N°16;35;;;;;;close;Sanef
HOCHFELDEN N°45;HOCHFELDEN;36;48.7697298;7.6014901;;[1391610490, 2378835401, 4802326993, 7565269942];;close;Sanef
HORDAIN (péage d'Hordain);HORDAIN (péage d'Hordain);37;;;;;;close;Sanef
JARNY N°31;JARNY N°31;38;;;;;;close;Sanef
L'ISLE-ADAM (péage d'Amblainville);PEAGE D AMBLAINVILLE;39;49.2052597;2.1690154;;[288919698, 288919803];;close;Sanef
LA CÔTE PICARDE N°24;LA COTE PICARDE;40;50.2544211;1.7467016;;[97729391, 2847657921];;close;Sanef
LA FÈRE N°12;LA FERE;41;49.6872595;3.4653283;;[926794469, 1519182855];;close;Sanef
LA NEUVILLETTE N°15;LA NEUVILLETTE;42;49.2978995;3.9979118;;[1445378851, 1445378921];;open;Sanef
LAON N°13;LAON N°13;43;;;;;;close;Sanef
LIÉVIN N°6.2;LIEVIN;44;50.4377971;2.7071936;;[1513763776, 1513763927];;close;Sanef
LILLE / DOURGES (péage de Fresnes);PEAGE DE FRESNES;45;50.3251351;2.9114529;;[31004566, 270684525];;close;Sanef
LILLERS N°5;LILLERS;46;50.5530576;2.4629357;;[532177764, 8951761706];;close;Sanef
MARQUION N°8;CAMBRAI MARQUION;47;50.2025031;3.1069730;;[1371703167, 1371703269];;close;Sanef
MASNIÈRES N°9;MASNIERES;48;50.0686130;3.1724114;;[1200490953, 1517753229];;close;Sanef
MEAUX (A140) / CRECY N°16;MEAUX (A140) / CRECY N°16;49;;;;;;close;Sanef
MÉRU N°13;MÉRU N°13;50;;;;;;close;Sanef
METZ (A31);METZ (A31);51;;;;;;close;Sanef
MONT-CHOISY N°18;MONT CHOISY;52;48.9107120;4.2881712;;[243198059, 1575767382];;close;Sanef
MONTREUIL-AUX-LIONS N°19;MONTREUIL AUX LIONS;53;49.0132565;3.1552689;;[4390079353, 4390079354, 4390079355, 4390079356];;close;Sanef
NŒUX-LES-MINES N°6.1;N UX LES MINES;54;50.4868903;2.6840046;;[2407630266, 7368385795];;close;Sanef
NEUFCHÂTEL-EN-BRAY (A28) (péage d'Haudricourt);PEAGE D HAUDRICOURT;55;49.7595881;1.7027622;;[32628291, 270376590];;close;Sanef
NEUFCHÂTEL-HARDELOT N°27;NEUFCHATEL HARDELOT;56;50.6112128;1.6498107;;[563328105, 1432280813];;close;Sanef
PARIS / NOISY-LE-GRAND (péage de Coutevroult);COUTEVROULT;57;48.8537293;2.8383486;;[25196607, 264140281];;close;Sanef
PARIS / ROISSY (péage de Chamant);PEAGE DE CHAMANT;58;49.2159236;2.6275844;;[293659568, 3364175158];;close;Sanef
PÉRONNE / VALLEE DE LA SOMME N°13;PERONNE VALLEE DE LA SOMME;59;49.8769736;2.8397676;;[270671520];;close;Sanef
PHALSBOURG N°43;PHALSBOURG;60;48.7721050;7.2405277;;[142268, 30841803];;close;Sanef
POIX-DE-PICARDIE N°13;POIX DE PICARDIE;61;49.8085369;1.9687477;;[988049756, 4681594641];;close;Sanef
PONT-SAINTE-MAXENCE N°9;PONT SAINTE MAXENCE;62;49.3207318;2.6947754;;[447081125, 447081126];;close;Sanef
PUTTELANGE N°40;PUTTELANGE;63;49.0690602;6.9185464;;[418250959, 418250961, 4368543870, 4368543880];;close;Sanef
REIMS EST (péage de Taissy);REIMS EST (péage de Taissy);64;;;;;;close;Sanef
REIMS NORD (péage d'Ormes);REIMS NORD (péage d'Ormes);65;;;;;;close;Sanef
REIMS OUEST (péage de Thillois) N°22;REIMS OUEST (péage de Thillois) N°22;66;;;;;;close;Sanef
REIMS (péage de Courcy);PEAGE DE COURCY;67;49.3220770;3.9839641;;[23197167, 23197169];;close;Sanef
REIMS SUD N°23;REIMS SUD N°23;68;;;;;;close;Sanef
RESSONS N°11;RESSONS;69;49.5217342;2.7157532;;[1877499832, 1877499843];;close;Sanef
ROYE N°12;ROYE N°12;70;;;;;;close;Sanef
SAINT-AVOLD N°37;SAINT AVOLD;71;49.1360544;6.7129059;;[1584068033, 1584068039];;close;Sanef
SAINT-ÉTIENNE-AU-TEMPLE N°25;SAINT ETIENNE AU TEMPLE;72;49.0334402;4.4358734;;[1575874810, 1575874813];;close;Sanef
SAINT-GIBRIEN N°17;SAINT GIBRIEN;73;48.9735998;4.2886495;;[264756447, 1042719181];;close;Sanef
SAINT-QUENTIN NORD N°10;SAINT QUENTIN NORD;74;49.8614425;3.2407601;;[304862451, 1041135056];;close;Sanef
SAINT-QUENTIN SUD N°11;SAINT QUENTIN SUD;75;49.8123217;3.2948588;;[307057501, 374119298];;close;Sanef
SAINTE-MARIE-AUX-CHÊNES N°32;SAINTE MARIE AUX CHENES;76;49.1939622;5.9895963;;[150591312, 150605254];;close;Sanef
SAINTE-MENEHOULD N°26;SAINTE MENEHOULD;77;49.0763749;4.8837392;;[21528882, 310301329];;close;Sanef
SALOUËL N°18;SALOUEL;78;49.8597729;2.2138115;;[373481261];;close;Sanef
SARRE-UNION N°42;SARRE UNION;79;48.9138936;7.1244262;;[768541481, 768541482, 9738141241, 9738141248];;close;Sanef
SARREGUEMINES N°41;SARREGUEMINES;80;49.0448224;7.0287816;;[259003448, 1041328348];;close;Sanef
SAVERNE N°44;SAVERNE;81;48.7617872;7.3901158;;[30923142, 8554613606];;close;Sanef
SENLIS N°8;SENLIS;82;49.2114247;2.6185551;;[144772, 32212303, 2120513424, 2120513425];;close;Sanef
SOMMESOUS N°20;SOMMESOUS;83;48.7298276;4.2292654;;[865277253, 865277258];;close;Sanef
ST-JEAN-LES-DEUX-JUMEAUX N°18;SAINT JEAN LES DEUX JUMEAUX;84;48.9523886;3.0390884;;[259083764, 4421111789, 4421111790];;close;Sanef
STRASBOURG (péage de Schwindratzheim);PEAGE DE SCHWINDRATZHEIM;85;48.7696868;7.6020109;;[29761117, 29761118];;close;Sanef
SURVILLIERS / SAINT-WITZ N°7;SURVILLIERS SAINT WITZ;86;49.0847945;2.5510274;;[344943470, 344945338];;open;Sanef
VALLÉE DE L'AUBE N°21;VALLEE DE L AUBE;87;48.5254684;4.1855778;;[1695359055, 1695359059];;close;Sanef
VALLÉE DE LA HEM N°2;VALLEE DE LA HEM;88;50.8203691;2.0627049;;[1269035686, 1269035757];;open;Sanef
VALLÉE DE LA NIÈVRE N°21;VALLEE DE LA NIEVRE;89;50.0298021;2.0695973;;[331251955, 2609480516];;close;Sanef
VATRY N°19;VATRY N°19;90;;;;;;close;Sanef
VERDUN N°29;VERDUN;91;49.1109692;5.4138552;;[230233305];;close;Sanef
VILLERS-BRETONNEUX N°52;VILLERS BRETONNEUX;92;49.8546947;2.5225454;;[431586530, 431586544];;close;Sanef
VOIE SACRÉE N°28;VOIE SACREE;93;49.0938355;5.2784389;;[1575874816, 5636803321];;close;Sanef
BEAUTOT;BEAUTOT;1;49.6353577;1.0506526;;[603286199, 705472696];;close;SAPN
BEUZEVILLE N°28;BEUZEVILLE N°28;2;;;;;;close;SAPN
BOLBEC N°7;BOLBEC;3;49.5814117;0.4430307;;[984859296, 984859299];;close;SAPN
BONNIÈRES-SUR-SEINE (A13a);BONNIÈRES-SUR-SEINE (A13a);4;;;;;;close;SAPN
BOURG-ACHARD N°25;BOURG-ACHARD N°25;5;;;;;;close;SAPN
BOURNEVILLE N°26;BOURNEVILLE N°26;6;;;;;;close;SAPN
CAEN;CAEN;7;;;;;;close;SAPN
CAGNY (A813);CAGNY (A813);8;;;;;;close;SAPN
CHAUFOUR N°15 à GAILLON N°17;CHAUFOUR N°15 à GAILLON N°17;9;;;;;;close;SAPN
CHENARD N°1 (A29);CHENARD N°1 (A29);10;;;;;;close;SAPN
CRIQUEBEUF N°20 à MAISON-BRÛLEE N°24 / ROUEN LES ESSARTS (A139);LES ESSARTS;11;46.7903968;-1.1946328;;[279128148, 824250288, 4003306365, 4003306366, 4003306367, 4422608089];;close;SAPN
DOZULÉ N°30;DOZULÉ N°30;12;;;;;;close;SAPN
FECAMP N°8;FECAMP;13;49.6324469;0.6400228;;[248706668, 938388636];;close;SAPN
HEUDEBOUVILLE N°18;HEUDEBOUVILLE N°18;14;;;;;;close;SAPN
INCARVILLE N°19;INCARVILLE N°19;15;;;;;;close;SAPN
LA HAIE-TONDUE N°29;LA HAIE-TONDUE N°29;16;;;;;;close;SAPN
LA RIVIÈRE-SAINT-SAUVEUR N°3 (A29);LA RIVIÈRE-SAINT-SAUVEUR N°3 (A29);17;;;;;;close;SAPN
LE HAVRE N°5;LE HAVRE N°5;18;;;;;;close;SAPN
PEAGE DE CHAMBOURCY;PEAGE DE CHAMBOURCY;19;;;;;;open;SAPN
PEAGE DE MONTESSON;PEAGE DE MONTESSON;20;;;;;;open;SAPN
PLATEAU N°2 (A29);PLATEAU;21;49.3919027;0.2508982;;[1430086827, 1430086859];;close;SAPN
POISSY / ORGEVAL N°7 à MANTES-SUD N°12;POISSY / ORGEVAL N°7 à MANTES-SUD N°12;22;;;;;;close;SAPN
PONT L'EVÊQUE, DEAUVILLE (A132);PONT L'EVÊQUE, DEAUVILLE (A132);23;;;;;;close;SAPN
ST-ROMAIN-DE-COLBOSC N°6;ST-ROMAIN-DE-COLBOSC N°6;24;;;;;;close;SAPN
ST-SAËNS N°10;ST-SAËNS N°10;25;;;;;;close;SAPN
TANCARVILLE (A131);GARE DE PEAGE DU PONT DE TANCARVILLE;26;49.4636322;0.4739779;;[4721310697, 4721310722];;close;SAPN
TROARN N°31;TROARN N°31;27;;;;;;close;SAPN
YERVILLE N°9;YERVILLE;28;49.6477221;0.8427548;;[938406584, 938406621];;close;SAPN
YVETOT;YVETOT;29;49.6273870;0.8062109;;[1604117575, 1604117578];;close;SAPN
