name_from;name_to;distance;price1;price2;price3;price4;price5
BEAUTOT;BOLBEC N°7;;4.30;6.30;8.80;11.80;2.40
BEAUTOT;FECAMP N°8;;2.90;3.90;5.60;8.30;1.70
BEAUTOT;LE HAVRE N°5;;6.70;9.60;13.50;20.10;4.00
BEAUTOT;ST-ROMAIN-DE-COLBOSC N°6;;4.90;7.60;9.70;14.10;2.90
BEAUTOT;YVETOT;;1.40;2.20;3.10;4.40;1.00
BEUZEVILLE N°28;BOURG-ACHARD N°25;;4.10;6.50;9.20;13.20;2.40
BEUZEVILLE N°28;BOURNEVILLE N°26;;4.10;6.50;9.20;13.20;2.40
BEUZEVILLE N°28;CAEN;;6.10;8.60;12.10;19.00;3.80
BEUZEVILLE N°28;CAGNY (A813);;6.10;8.60;12.10;19.00;3.80
BEUZEVILLE N°28;CHAUFOUR N°15 à GAILLON N°17;;8.60;13.60;18.90;28.00;5.20
BEUZEVILLE N°28;CRIQUEBEUF N°20 à MAISON-BRÛLEE N°24 / ROUEN LES ESSARTS (A139);;4.10;6.50;9.20;13.20;2.40
BEUZEVILLE N°28;DOZULÉ N°30;;4.10;6.00;7.80;12.20;2.40
BEUZEVILLE N°28;HEUDEBOUVILLE N°18;;6.60;10.40;14.70;21.10;4.00
BEUZEVILLE N°28;INCARVILLE N°19;;6.50;10.40;14.20;20.60;3.90
BEUZEVILLE N°28;LA HAIE-TONDUE N°29;;1.90;2.50;3.30;5.30;0.90
BEUZEVILLE N°28;LA RIVIÈRE-SAINT-SAUVEUR N°3 (A29);;1.90;2.50;3.30;5.30;0.90
BEUZEVILLE N°28;PLATEAU N°2 (A29);;1.90;2.50;3.30;5.30;0.90
BEUZEVILLE N°28;POISSY / ORGEVAL N°7 à MANTES-SUD N°12;;11.60;18.50;25.50;38.70;7.00
BEUZEVILLE N°28;PONT L'EVÊQUE, DEAUVILLE (A132);;1.90;2.50;3.30;5.30;0.90
BEUZEVILLE N°28;TROARN N°31;;6.10;8.60;12.10;19.00;3.80
BOLBEC N°7;BEAUTOT;;4.30;6.30;8.80;11.80;2.40
BOLBEC N°7;FECAMP N°8;;1.60;2.70;2.80;4.70;1.10
BOLBEC N°7;LE HAVRE N°5;;2.50;3.10;4.40;6.10;1.50
BOLBEC N°7;ST-ROMAIN-DE-COLBOSC N°6;;1.00;1.70;2.10;2.70;0.70
BOLBEC N°7;ST-SAËNS N°10;;5.90;8.80;11.50;17.00;3.70
BOLBEC N°7;YERVILLE N°9;;3.10;4.50;6.10;8.30;1.60
BOLBEC N°7;YVETOT;;3.50;4.60;6.10;8.30;1.60
BOURG-ACHARD N°25;BEUZEVILLE N°28;;4.10;6.50;9.20;13.20;2.40
BOURG-ACHARD N°25;CAEN;;10.50;15.40;21.70;32.60;6.20
BOURG-ACHARD N°25;CAGNY (A813);;10.50;15.40;21.70;32.60;6.20
BOURG-ACHARD N°25;CHAUFOUR N°15 à GAILLON N°17;;4.50;7.10;9.70;14.80;2.80
BOURG-ACHARD N°25;CHENARD N°1 (A29);;4.60;6.80;9.60;13.80;2.50
BOURG-ACHARD N°25;DOZULÉ N°30;;8.50;12.80;17.40;25.80;4.80
BOURG-ACHARD N°25;HEUDEBOUVILLE N°18;;2.50;3.90;5.50;7.90;1.60
BOURG-ACHARD N°25;INCARVILLE N°19;;2.40;3.90;5.00;7.40;1.50
BOURG-ACHARD N°25;LA HAIE-TONDUE N°29;;6.30;9.30;12.90;18.90;3.30
BOURG-ACHARD N°25;LA RIVIÈRE-SAINT-SAUVEUR N°3 (A29);;6.30;9.30;12.90;18.90;3.30
BOURG-ACHARD N°25;PLATEAU N°2 (A29);;6.30;9.30;12.90;18.90;3.30
BOURG-ACHARD N°25;POISSY / ORGEVAL N°7 à MANTES-SUD N°12;;7.50;12.00;16.30;25.50;4.60
BOURG-ACHARD N°25;PONT L'EVÊQUE, DEAUVILLE (A132);;6.30;9.30;12.90;18.90;3.30
BOURG-ACHARD N°25;TANCARVILLE (A131);;3.30;5.30;7.90;10.70;2.10
BOURG-ACHARD N°25;TOUTAINVILLE N°27;;3.40;5.50;8.00;10.70;2.30
BOURG-ACHARD N°25;TROARN N°31;;10.50;15.40;21.70;32.60;6.20
BOURNEVILLE N°26;BEUZEVILLE N°28;;4.10;6.50;9.20;13.20;2.40
BOURNEVILLE N°26;CAEN;;10.50;15.40;21.70;32.60;6.20
BOURNEVILLE N°26;CAGNY (A813);;10.50;15.40;21.70;32.60;6.20
BOURNEVILLE N°26;CHAUFOUR N°15 à GAILLON N°17;;6.50;9.70;13.00;19.50;4.10
BOURNEVILLE N°26;CHENARD N°1 (A29);;4.60;6.80;9.60;13.80;2.50
BOURNEVILLE N°26;CRIQUEBEUF N°20 à MAISON-BRÛLEE N°24 / ROUEN LES ESSARTS (A139);;2.00;2.60;3.30;4.70;1.30
BOURNEVILLE N°26;DOZULÉ N°30;;8.50;12.80;17.40;25.80;4.80
BOURNEVILLE N°26;HEUDEBOUVILLE N°18;;4.50;6.50;8.80;12.60;2.90
BOURNEVILLE N°26;INCARVILLE N°19;;4.40;6.50;8.30;12.10;2.80
BOURNEVILLE N°26;LA HAIE-TONDUE N°29;;6.30;9.30;12.90;18.90;3.30
BOURNEVILLE N°26;LA RIVIÈRE-SAINT-SAUVEUR N°3 (A29);;6.30;9.30;12.90;18.90;3.30
BOURNEVILLE N°26;PLATEAU N°2 (A29);;6.30;9.30;12.90;18.90;3.30
BOURNEVILLE N°26;POISSY / ORGEVAL N°7 à MANTES-SUD N°12;;9.50;14.60;19.60;30.20;5.90
BOURNEVILLE N°26;PONT L'EVÊQUE, DEAUVILLE (A132);;6.30;9.30;12.90;18.90;3.30
BOURNEVILLE N°26;TOUTAINVILLE N°27;;3.40;5.50;8.00;10.70;2.30
BOURNEVILLE N°26;TROARN N°31;;10.50;15.40;21.70;32.60;6.20
CAEN;BEUZEVILLE N°28;;6.10;8.60;12.10;19.00;3.80
CAEN;BOURG-ACHARD N°25;;10.50;15.40;21.70;32.60;6.20
CAEN;BOURNEVILLE N°26;;10.50;15.40;21.70;32.60;6.20
CAEN;CAGNY (A813);;0.90;1.20;1.70;2.40;0.50
CAEN;CHAUFOUR N°15 à GAILLON N°17;;15.00;22.50;31.40;47.40;9.00
CAEN;CHENARD N°1 (A29);;5.70;8.40;12.30;18.30;3.90
CAEN;CRIQUEBEUF N°20 à MAISON-BRÛLEE N°24 / ROUEN LES ESSARTS (A139);;10.50;15.40;21.70;32.60;6.20
CAEN;DOZULÉ N°30;;2.20;3.50;4.50;6.90;1.50
CAEN;HEUDEBOUVILLE N°18;;13.00;19.30;27.20;40.50;7.80
CAEN;INCARVILLE N°19;;12.90;19.30;26.70;40.00;7.70
CAEN;LA RIVIÈRE-SAINT-SAUVEUR N°3 (A29);;5.70;8.40;12.30;18.30;3.90
CAEN;PLATEAU N°2 (A29);;0.50;0.50;1.20;1.20;0.50
CAEN;POISSY / ORGEVAL N°7 à MANTES-SUD N°12;;18.00;27.40;38.00;58.10;10.80
CAEN;PONT L'EVÊQUE, DEAUVILLE (A132);;4.20;6.10;8.80;13.70;2.90
CAEN;TROARN N°31;;0.90;1.20;1.60;2.40;0.50
CAGNY (A813);BEUZEVILLE N°28;;6.10;8.60;12.10;19.00;3.80
CAGNY (A813);BOURG-ACHARD N°25;;10.50;15.40;21.70;32.60;6.20
CAGNY (A813);BOURNEVILLE N°26;;10.50;15.40;21.70;32.60;6.20
CAGNY (A813);CAEN;;0.90;1.20;1.70;2.40;0.50
CAGNY (A813);CHAUFOUR N°15 à GAILLON N°17;;15.00;22.50;31.40;47.40;9.00
CAGNY (A813);CHENARD N°1 (A29);;5.70;8.40;12.30;18.30;3.90
CAGNY (A813);CRIQUEBEUF N°20 à MAISON-BRÛLEE N°24 / ROUEN LES ESSARTS (A139);;10.50;15.40;21.70;32.60;6.20
CAGNY (A813);DOZULÉ N°30;;2.20;3.50;4.50;6.90;1.50
CAGNY (A813);HEUDEBOUVILLE N°18;;13.00;19.30;27.20;40.50;7.80
CAGNY (A813);INCARVILLE N°19;;12.90;19.30;26.70;40.00;7.70
CAGNY (A813);LA RIVIÈRE-SAINT-SAUVEUR N°3 (A29);;5.70;8.40;12.30;18.30;3.90
CAGNY (A813);POISSY / ORGEVAL N°7 à MANTES-SUD N°12;;18.00;27.40;38.00;58.10;10.80
CAGNY (A813);PONT L'EVÊQUE, DEAUVILLE (A132);;4.20;6.10;8.80;13.70;2.90
CAGNY (A813);TROARN N°31;;0.90;1.20;1.60;2.40;0.50
CHAUFOUR N°15 à GAILLON N°17;BEUZEVILLE N°28;;8.60;13.60;18.90;28.00;5.20
CHAUFOUR N°15 à GAILLON N°17;BOURG-ACHARD N°25;;4.50;7.10;9.70;14.80;2.80
CHAUFOUR N°15 à GAILLON N°17;BOURNEVILLE N°26;;6.50;9.70;13.00;19.50;4.10
CHAUFOUR N°15 à GAILLON N°17;CAEN;;15.00;22.50;31.40;47.40;9.00
CHAUFOUR N°15 à GAILLON N°17;CAGNY (A813);;15.00;22.50;31.40;47.40;9.00
CHAUFOUR N°15 à GAILLON N°17;CHENARD N°1 (A29);;9.10;13.90;19.30;28.60;5.30
CHAUFOUR N°15 à GAILLON N°17;CRIQUEBEUF N°20 à MAISON-BRÛLEE N°24 / ROUEN LES ESSARTS (A139);;4.50;7.10;9.70;14.80;2.80
CHAUFOUR N°15 à GAILLON N°17;DOZULÉ N°30;;13.00;19.90;27.10;40.60;7.60
CHAUFOUR N°15 à GAILLON N°17;INCARVILLE N°19;;2.40;3.60;4.90;7.00;1.60
CHAUFOUR N°15 à GAILLON N°17;LA HAIE-TONDUE N°29;;10.80;16.40;22.60;33.70;6.10
CHAUFOUR N°15 à GAILLON N°17;LA RIVIÈRE-SAINT-SAUVEUR N°3 (A29);;10.80;16.40;22.60;33.70;6.10
CHAUFOUR N°15 à GAILLON N°17;PLATEAU N°2 (A29);;10.80;16.40;22.60;33.70;6.10
CHAUFOUR N°15 à GAILLON N°17;POISSY / ORGEVAL N°7 à MANTES-SUD N°12;;3.00;4.90;6.60;10.70;1.80
CHAUFOUR N°15 à GAILLON N°17;PONT L'EVÊQUE, DEAUVILLE (A132);;10.80;16.40;22.60;33.70;6.10
CHAUFOUR N°15 à GAILLON N°17;TANCARVILLE (A131);;7.80;12.40;17.60;25.50;4.90
CHAUFOUR N°15 à GAILLON N°17;TOUTAINVILLE N°27;;7.90;12.60;17.70;25.50;5.10
CHAUFOUR N°15 à GAILLON N°17;TROARN N°31;;15.00;22.50;31.40;47.40;9.00
CHENARD N°1 (A29);BOURG-ACHARD N°25;;4.60;6.80;9.60;13.80;2.50
CHENARD N°1 (A29);BOURNEVILLE N°26;;4.60;6.80;9.60;13.80;2.50
CHENARD N°1 (A29);CAEN;;5.70;8.40;12.30;18.30;3.90
CHENARD N°1 (A29);CAGNY (A813);;5.70;8.40;12.30;18.30;3.90
CHENARD N°1 (A29);CHAUFOUR N°15 à GAILLON N°17;;9.10;13.90;19.30;28.60;5.30
CHENARD N°1 (A29);CRIQUEBEUF N°20 à MAISON-BRÛLEE N°24 / ROUEN LES ESSARTS (A139);;4.60;6.80;9.60;13.80;2.50
CHENARD N°1 (A29);DOZULÉ N°30;;3.70;5.80;8.00;11.50;2.50
CHENARD N°1 (A29);HEUDEBOUVILLE N°18;;7.10;10.70;15.10;21.70;4.10
CHENARD N°1 (A29);INCARVILLE N°19;;7.00;10.70;14.60;21.20;4.00
CHENARD N°1 (A29);LA HAIE-TONDUE N°29;;1.50;2.30;3.50;4.60;1.00
CHENARD N°1 (A29);POISSY / ORGEVAL N°7 à MANTES-SUD N°12;;12.10;18.80;25.90;39.30;7.10
CHENARD N°1 (A29);PONT L'EVÊQUE, DEAUVILLE (A132);;1.50;2.30;3.50;4.60;1.00
CHENARD N°1 (A29);TROARN N°31;;5.70;8.40;12.30;18.30;3.90
CRIQUEBEUF N°20 à MAISON-BRÛLEE N°24 / ROUEN LES ESSARTS (A139);BEUZEVILLE N°28;;4.10;6.50;9.20;13.20;2.40
CRIQUEBEUF N°20 à MAISON-BRÛLEE N°24 / ROUEN LES ESSARTS (A139);BOURNEVILLE N°26;;2.00;2.60;3.30;4.70;1.30
CRIQUEBEUF N°20 à MAISON-BRÛLEE N°24 / ROUEN LES ESSARTS (A139);CAEN;;10.50;15.40;21.70;32.60;6.20
CRIQUEBEUF N°20 à MAISON-BRÛLEE N°24 / ROUEN LES ESSARTS (A139);CAGNY (A813);;10.50;15.40;21.70;32.60;6.20
CRIQUEBEUF N°20 à MAISON-BRÛLEE N°24 / ROUEN LES ESSARTS (A139);CHAUFOUR N°15 à GAILLON N°17;;4.50;7.10;9.70;14.80;2.80
CRIQUEBEUF N°20 à MAISON-BRÛLEE N°24 / ROUEN LES ESSARTS (A139);CHENARD N°1 (A29);;4.60;6.80;9.60;13.80;2.50
CRIQUEBEUF N°20 à MAISON-BRÛLEE N°24 / ROUEN LES ESSARTS (A139);DOZULÉ N°30;;8.50;12.80;17.40;25.80;4.80
CRIQUEBEUF N°20 à MAISON-BRÛLEE N°24 / ROUEN LES ESSARTS (A139);HEUDEBOUVILLE N°18;;2.50;3.90;5.50;7.90;1.60
CRIQUEBEUF N°20 à MAISON-BRÛLEE N°24 / ROUEN LES ESSARTS (A139);LA HAIE-TONDUE N°29;;6.30;9.30;12.90;18.90;3.30
CRIQUEBEUF N°20 à MAISON-BRÛLEE N°24 / ROUEN LES ESSARTS (A139);LA RIVIÈRE-SAINT-SAUVEUR N°3 (A29);;6.30;9.30;12.90;18.90;3.30
CRIQUEBEUF N°20 à MAISON-BRÛLEE N°24 / ROUEN LES ESSARTS (A139);PLATEAU N°2 (A29);;6.30;9.30;12.90;18.90;3.30
CRIQUEBEUF N°20 à MAISON-BRÛLEE N°24 / ROUEN LES ESSARTS (A139);POISSY / ORGEVAL N°7 à MANTES-SUD N°12;;7.50;12.00;16.30;25.50;4.60
CRIQUEBEUF N°20 à MAISON-BRÛLEE N°24 / ROUEN LES ESSARTS (A139);PONT L'EVÊQUE, DEAUVILLE (A132);;6.30;9.30;12.90;18.90;3.30
CRIQUEBEUF N°20 à MAISON-BRÛLEE N°24 / ROUEN LES ESSARTS (A139);TANCARVILLE (A131);;3.30;5.30;7.90;10.70;2.10
CRIQUEBEUF N°20 à MAISON-BRÛLEE N°24 / ROUEN LES ESSARTS (A139);TOUTAINVILLE N°27;;3.40;5.50;8.00;10.70;2.30
CRIQUEBEUF N°20 à MAISON-BRÛLEE N°24 / ROUEN LES ESSARTS (A139);TROARN N°31;;10.50;15.40;21.70;32.60;6.20
DOZULÉ N°30;BEUZEVILLE N°28;;4.10;6.00;7.80;12.20;2.40
DOZULÉ N°30;BOURG-ACHARD N°25;;8.50;12.80;17.40;25.80;4.80
DOZULÉ N°30;BOURNEVILLE N°26;;8.50;12.80;17.40;25.80;4.80
DOZULÉ N°30;CAEN;;2.20;3.50;4.50;6.90;1.50
DOZULÉ N°30;CAGNY (A813);;2.20;3.50;4.50;6.90;1.50
DOZULÉ N°30;CHAUFOUR N°15 à GAILLON N°17;;13.00;19.90;27.10;40.60;7.60
DOZULÉ N°30;CHENARD N°1 (A29);;3.70;5.80;8.00;11.50;2.50
DOZULÉ N°30;CRIQUEBEUF N°20 à MAISON-BRÛLEE N°24 / ROUEN LES ESSARTS (A139);;8.50;12.80;17.40;25.80;4.80
DOZULÉ N°30;HEUDEBOUVILLE N°18;;11.00;16.70;22.90;33.70;6.40
DOZULÉ N°30;INCARVILLE N°19;;10.90;16.70;22.40;33.20;6.30
DOZULÉ N°30;LA RIVIÈRE-SAINT-SAUVEUR N°3 (A29);;3.70;5.80;8.00;11.50;2.50
DOZULÉ N°30;POISSY / ORGEVAL N°7 à MANTES-SUD N°12;;16.00;24.80;33.70;51.30;9.40
DOZULÉ N°30;PONT L'EVÊQUE, DEAUVILLE (A132);;2.20;3.50;4.50;6.90;1.50
DOZULÉ N°30;TROARN N°31;;2.20;3.50;4.50;6.90;1.50
FECAMP N°8;BEAUTOT;;2.90;3.90;5.60;8.30;1.70
FECAMP N°8;BOLBEC N°7;;1.60;2.70;2.80;4.70;1.10
FECAMP N°8;LE HAVRE N°5;;4.20;5.40;7.10;11.40;2.40
FECAMP N°8;ST-ROMAIN-DE-COLBOSC N°6;;2.40;3.90;4.80;6.90;1.50
FECAMP N°8;ST-SAËNS N°10;;4.60;6.20;8.90;13.70;2.60
FECAMP N°8;YERVILLE N°9;;1.90;2.80;3.50;4.80;0.90
FECAMP N°8;YVETOT;;1.90;2.80;3.50;4.90;0.90
HEUDEBOUVILLE N°18;BEUZEVILLE N°28;;6.60;10.40;14.70;21.10;4.00
HEUDEBOUVILLE N°18;BOURG-ACHARD N°25;;2.50;3.90;5.50;7.90;1.60
HEUDEBOUVILLE N°18;BOURNEVILLE N°26;;4.50;6.50;8.80;12.60;2.90
HEUDEBOUVILLE N°18;CAEN;;13.00;19.30;27.20;40.50;7.80
HEUDEBOUVILLE N°18;CAGNY (A813);;13.00;19.30;27.20;40.50;7.80
HEUDEBOUVILLE N°18;CHENARD N°1 (A29);;7.10;10.70;15.10;21.70;4.10
HEUDEBOUVILLE N°18;CRIQUEBEUF N°20 à MAISON-BRÛLEE N°24 / ROUEN LES ESSARTS (A139);;2.50;3.90;5.50;7.90;1.60
HEUDEBOUVILLE N°18;DOZULÉ N°30;;11.00;16.70;22.90;33.70;6.40
HEUDEBOUVILLE N°18;LA HAIE-TONDUE N°29;;8.80;13.20;18.40;26.80;4.90
HEUDEBOUVILLE N°18;LA RIVIÈRE-SAINT-SAUVEUR N°3 (A29);;8.80;13.20;18.40;26.80;4.90
HEUDEBOUVILLE N°18;PLATEAU N°2 (A29);;8.80;13.20;18.40;26.80;4.90
HEUDEBOUVILLE N°18;POISSY / ORGEVAL N°7 à MANTES-SUD N°12;;3.00;4.90;6.60;10.70;1.80
HEUDEBOUVILLE N°18;PONT L'EVÊQUE, DEAUVILLE (A132);;8.80;13.20;18.40;26.80;4.90
HEUDEBOUVILLE N°18;TANCARVILLE (A131);;5.80;9.20;13.40;18.60;3.70
HEUDEBOUVILLE N°18;TOUTAINVILLE N°27;;5.90;9.40;13.50;18.60;3.90
HEUDEBOUVILLE N°18;TROARN N°31;;13.00;19.30;27.20;40.50;7.80
INCARVILLE N°19;BEUZEVILLE N°28;;6.50;10.40;14.20;20.60;3.90
INCARVILLE N°19;BOURG-ACHARD N°25;;2.40;3.90;5.00;7.40;1.50
INCARVILLE N°19;BOURNEVILLE N°26;;4.40;6.50;8.30;12.10;2.80
INCARVILLE N°19;CAEN;;12.90;19.30;26.70;40.00;7.70
INCARVILLE N°19;CAGNY (A813);;12.90;19.30;26.70;40.00;7.70
INCARVILLE N°19;CHAUFOUR N°15 à GAILLON N°17;;2.40;3.60;4.90;7.00;1.60
INCARVILLE N°19;CHENARD N°1 (A29);;7.00;10.70;14.60;21.20;4.00
INCARVILLE N°19;DOZULÉ N°30;;10.90;16.70;22.40;33.20;6.30
INCARVILLE N°19;LA HAIE-TONDUE N°29;;8.70;13.20;17.90;26.30;4.80
INCARVILLE N°19;LA RIVIÈRE-SAINT-SAUVEUR N°3 (A29);;8.70;13.20;17.90;26.30;4.80
INCARVILLE N°19;PLATEAU N°2 (A29);;8.70;13.20;17.90;26.30;4.80
INCARVILLE N°19;POISSY / ORGEVAL N°7 à MANTES-SUD N°12;;5.40;8.50;11.50;17.70;3.40
INCARVILLE N°19;PONT L'EVÊQUE, DEAUVILLE (A132);;8.70;13.20;17.90;26.30;4.80
INCARVILLE N°19;TANCARVILLE (A131);;5.70;9.20;12.90;18.10;3.60
INCARVILLE N°19;TOUTAINVILLE N°27;;5.80;9.40;13.00;18.10;3.80
INCARVILLE N°19;TROARN N°31;;12.90;19.30;26.70;40.00;7.70
LA HAIE-TONDUE N°29;BEUZEVILLE N°28;;1.90;2.50;3.30;5.30;0.90
LA HAIE-TONDUE N°29;BOURG-ACHARD N°25;;6.30;9.30;12.90;18.90;3.30
LA HAIE-TONDUE N°29;BOURNEVILLE N°26;;6.30;9.30;12.90;18.90;3.30
LA HAIE-TONDUE N°29;CHAUFOUR N°15 à GAILLON N°17;;10.80;16.40;22.60;33.70;6.10
LA HAIE-TONDUE N°29;CHENARD N°1 (A29);;1.50;2.30;3.50;4.60;1.00
LA HAIE-TONDUE N°29;CRIQUEBEUF N°20 à MAISON-BRÛLEE N°24 / ROUEN LES ESSARTS (A139);;6.30;9.30;12.90;18.90;3.30
LA HAIE-TONDUE N°29;HEUDEBOUVILLE N°18;;8.80;13.20;18.40;26.80;4.90
LA HAIE-TONDUE N°29;INCARVILLE N°19;;8.70;13.20;17.90;26.30;4.80
LA HAIE-TONDUE N°29;LA RIVIÈRE-SAINT-SAUVEUR N°3 (A29);;1.50;2.30;3.50;4.60;1.00
LA HAIE-TONDUE N°29;POISSY / ORGEVAL N°7 à MANTES-SUD N°12;;13.80;21.30;29.20;44.40;7.90
LA RIVIÈRE-SAINT-SAUVEUR N°3 (A29);BEUZEVILLE N°28;;1.90;2.50;3.30;5.30;0.90
LA RIVIÈRE-SAINT-SAUVEUR N°3 (A29);BOURG-ACHARD N°25;;6.30;9.30;12.90;18.90;3.30
LA RIVIÈRE-SAINT-SAUVEUR N°3 (A29);BOURNEVILLE N°26;;6.30;9.30;12.90;18.90;3.30
LA RIVIÈRE-SAINT-SAUVEUR N°3 (A29);CAEN;;5.70;8.40;12.30;18.30;3.90
LA RIVIÈRE-SAINT-SAUVEUR N°3 (A29);CAGNY (A813);;5.70;8.40;12.30;18.30;3.90
LA RIVIÈRE-SAINT-SAUVEUR N°3 (A29);CHAUFOUR N°15 à GAILLON N°17;;10.80;16.40;22.60;33.70;6.10
LA RIVIÈRE-SAINT-SAUVEUR N°3 (A29);CRIQUEBEUF N°20 à MAISON-BRÛLEE N°24 / ROUEN LES ESSARTS (A139);;6.30;9.30;12.90;18.90;3.30
LA RIVIÈRE-SAINT-SAUVEUR N°3 (A29);DOZULÉ N°30;;3.70;5.80;8.00;11.50;2.50
LA RIVIÈRE-SAINT-SAUVEUR N°3 (A29);HEUDEBOUVILLE N°18;;8.80;13.20;18.40;26.80;4.90
LA RIVIÈRE-SAINT-SAUVEUR N°3 (A29);INCARVILLE N°19;;8.70;13.20;17.90;26.30;4.80
LA RIVIÈRE-SAINT-SAUVEUR N°3 (A29);LA HAIE-TONDUE N°29;;1.50;2.30;3.50;4.60;1.00
LA RIVIÈRE-SAINT-SAUVEUR N°3 (A29);POISSY / ORGEVAL N°7 à MANTES-SUD N°12;;13.80;21.30;29.20;44.40;7.90
LA RIVIÈRE-SAINT-SAUVEUR N°3 (A29);PONT L'EVÊQUE, DEAUVILLE (A132);;1.50;2.30;3.50;4.60;1.00
LA RIVIÈRE-SAINT-SAUVEUR N°3 (A29);TROARN N°31;;5.70;8.40;12.30;18.30;3.90
LE HAVRE N°5;BEAUTOT;;6.70;9.60;13.50;20.10;4.00
LE HAVRE N°5;BOLBEC N°7;;2.50;3.10;4.40;6.10;1.50
LE HAVRE N°5;FECAMP N°8;;4.20;5.40;7.10;11.40;2.40
LE HAVRE N°5;ST-ROMAIN-DE-COLBOSC N°6;;1.20;1.60;2.30;3.10;0.90
LE HAVRE N°5;ST-SAËNS N°10;;9.50;13.30;18.60;26.20;5.60
LE HAVRE N°5;YERVILLE N°9;;5.60;8.20;10.90;15.90;3.00
LE HAVRE N°5;YVETOT;;5.70;8.20;10.90;15.80;3.10
PLATEAU N°2 (A29);BEUZEVILLE N°28;;1.90;2.50;3.30;5.30;0.90
PLATEAU N°2 (A29);BOURG-ACHARD N°25;;6.30;9.30;12.90;18.90;3.30
PLATEAU N°2 (A29);BOURNEVILLE N°26;;6.30;9.30;12.90;18.90;3.30
PLATEAU N°2 (A29);CAEN;;0.50;0.50;1.20;1.20;0.50
PLATEAU N°2 (A29);CHAUFOUR N°15 à GAILLON N°17;;10.80;16.40;22.60;33.70;6.10
PLATEAU N°2 (A29);CRIQUEBEUF N°20 à MAISON-BRÛLEE N°24 / ROUEN LES ESSARTS (A139);;6.30;9.30;12.90;18.90;3.30
PLATEAU N°2 (A29);HEUDEBOUVILLE N°18;;8.80;13.20;18.40;26.80;4.90
PLATEAU N°2 (A29);INCARVILLE N°19;;8.70;13.20;17.90;26.30;4.80
PLATEAU N°2 (A29);POISSY / ORGEVAL N°7 à MANTES-SUD N°12;;13.80;21.30;29.20;44.40;7.90
POISSY / ORGEVAL N°7 à MANTES-SUD N°12;BEUZEVILLE N°28;;11.60;18.50;25.50;38.70;7.00
POISSY / ORGEVAL N°7 à MANTES-SUD N°12;BOURG-ACHARD N°25;;7.50;12.00;16.30;25.50;4.60
POISSY / ORGEVAL N°7 à MANTES-SUD N°12;BOURNEVILLE N°26;;9.50;14.60;19.60;30.20;5.90
POISSY / ORGEVAL N°7 à MANTES-SUD N°12;CAEN;;18.00;27.40;38.00;58.10;10.80
POISSY / ORGEVAL N°7 à MANTES-SUD N°12;CAGNY (A813);;18.00;27.40;38.00;58.10;10.80
POISSY / ORGEVAL N°7 à MANTES-SUD N°12;CHAUFOUR N°15 à GAILLON N°17;;3.00;4.90;6.60;10.70;1.80
POISSY / ORGEVAL N°7 à MANTES-SUD N°12;CHENARD N°1 (A29);;12.10;18.80;25.90;39.30;7.10
POISSY / ORGEVAL N°7 à MANTES-SUD N°12;CRIQUEBEUF N°20 à MAISON-BRÛLEE N°24 / ROUEN LES ESSARTS (A139);;7.50;12.00;16.30;25.50;4.60
POISSY / ORGEVAL N°7 à MANTES-SUD N°12;DOZULÉ N°30;;16.00;24.80;33.70;51.30;9.40
POISSY / ORGEVAL N°7 à MANTES-SUD N°12;HEUDEBOUVILLE N°18;;3.00;4.90;6.60;10.70;1.80
POISSY / ORGEVAL N°7 à MANTES-SUD N°12;INCARVILLE N°19;;5.40;8.50;11.50;17.70;3.40
POISSY / ORGEVAL N°7 à MANTES-SUD N°12;LA HAIE-TONDUE N°29;;13.80;21.30;29.20;44.40;7.90
POISSY / ORGEVAL N°7 à MANTES-SUD N°12;LA RIVIÈRE-SAINT-SAUVEUR N°3 (A29);;13.80;21.30;29.20;44.40;7.90
POISSY / ORGEVAL N°7 à MANTES-SUD N°12;PLATEAU N°2 (A29);;13.80;21.30;29.20;44.40;7.90
POISSY / ORGEVAL N°7 à MANTES-SUD N°12;PONT L'EVÊQUE, DEAUVILLE (A132);;13.80;21.30;29.20;44.40;7.90
POISSY / ORGEVAL N°7 à MANTES-SUD N°12;TANCARVILLE (A131);;10.80;17.30;24.20;36.20;6.70
POISSY / ORGEVAL N°7 à MANTES-SUD N°12;TOUTAINVILLE N°27;;10.90;17.50;24.30;36.20;6.90
POISSY / ORGEVAL N°7 à MANTES-SUD N°12;TROARN N°31;;18.00;27.40;38.00;58.10;10.80
PONT L'EVÊQUE, DEAUVILLE (A132);BEUZEVILLE N°28;;1.90;2.50;3.30;5.30;0.90
PONT L'EVÊQUE, DEAUVILLE (A132);BOURG-ACHARD N°25;;6.30;9.30;12.90;18.90;3.30
PONT L'EVÊQUE, DEAUVILLE (A132);BOURNEVILLE N°26;;6.30;9.30;12.90;18.90;3.30
PONT L'EVÊQUE, DEAUVILLE (A132);CAEN;;4.20;6.10;8.80;13.70;2.90
PONT L'EVÊQUE, DEAUVILLE (A132);CAGNY (A813);;4.20;6.10;8.80;13.70;2.90
PONT L'EVÊQUE, DEAUVILLE (A132);CHAUFOUR N°15 à GAILLON N°17;;10.80;16.40;22.60;33.70;6.10
PONT L'EVÊQUE, DEAUVILLE (A132);CHENARD N°1 (A29);;1.50;2.30;3.50;4.60;1.00
PONT L'EVÊQUE, DEAUVILLE (A132);CRIQUEBEUF N°20 à MAISON-BRÛLEE N°24 / ROUEN LES ESSARTS (A139);;6.30;9.30;12.90;18.90;3.30
PONT L'EVÊQUE, DEAUVILLE (A132);DOZULÉ N°30;;2.20;3.50;4.50;6.90;1.50
PONT L'EVÊQUE, DEAUVILLE (A132);HEUDEBOUVILLE N°18;;8.80;13.20;18.40;26.80;4.90
PONT L'EVÊQUE, DEAUVILLE (A132);INCARVILLE N°19;;8.70;13.20;17.90;26.30;4.80
PONT L'EVÊQUE, DEAUVILLE (A132);LA RIVIÈRE-SAINT-SAUVEUR N°3 (A29);;1.50;2.30;3.50;4.60;1.00
PONT L'EVÊQUE, DEAUVILLE (A132);POISSY / ORGEVAL N°7 à MANTES-SUD N°12;;13.80;21.30;29.20;44.40;7.90
PONT L'EVÊQUE, DEAUVILLE (A132);TROARN N°31;;4.20;6.10;8.80;13.70;2.90
ST-ROMAIN-DE-COLBOSC N°6;BEAUTOT;;4.90;7.60;9.70;14.10;2.90
ST-ROMAIN-DE-COLBOSC N°6;BOLBEC N°7;;1.00;1.70;2.10;2.70;0.70
ST-ROMAIN-DE-COLBOSC N°6;FECAMP N°8;;2.40;3.90;4.80;6.90;1.50
ST-ROMAIN-DE-COLBOSC N°6;LE HAVRE N°5;;1.20;1.60;2.30;3.10;0.90
ST-ROMAIN-DE-COLBOSC N°6;ST-SAËNS N°10;;6.00;9.50;12.80;18.50;3.80
ST-ROMAIN-DE-COLBOSC N°6;YERVILLE N°9;;3.70;5.50;7.10;10.00;2.20
ST-ROMAIN-DE-COLBOSC N°6;YVETOT;;3.70;5.70;7.00;10.00;2.20
ST-SAËNS N°10;BOLBEC N°7;;5.90;8.80;11.50;17.00;3.70
ST-SAËNS N°10;FECAMP N°8;;4.60;6.20;8.90;13.70;2.60
ST-SAËNS N°10;LE HAVRE N°5;;9.50;13.30;18.60;26.20;5.60
ST-SAËNS N°10;ST-ROMAIN-DE-COLBOSC N°6;;6.00;9.50;12.80;18.50;3.80
ST-SAËNS N°10;YERVILLE N°9;;2.00;3.00;4.20;5.50;1.30
ST-SAËNS N°10;YVETOT;;3.10;4.60;6.40;9.10;1.80
TANCARVILLE (A131);BOURG-ACHARD N°25;;3.30;5.30;7.90;10.70;2.10
TANCARVILLE (A131);CHAUFOUR N°15 à GAILLON N°17;;7.80;12.40;17.60;25.50;4.90
TANCARVILLE (A131);CRIQUEBEUF N°20 à MAISON-BRÛLEE N°24 / ROUEN LES ESSARTS (A139);;3.30;5.30;7.90;10.70;2.10
TANCARVILLE (A131);HEUDEBOUVILLE N°18;;5.80;9.20;13.40;18.60;3.70
TANCARVILLE (A131);INCARVILLE N°19;;5.70;9.20;12.90;18.10;3.60
TANCARVILLE (A131);POISSY / ORGEVAL N°7 à MANTES-SUD N°12;;10.80;17.30;24.20;36.20;6.70
TOUTAINVILLE N°27;BOURG-ACHARD N°25;;3.40;5.50;8.00;10.70;2.30
TOUTAINVILLE N°27;BOURNEVILLE N°26;;3.40;5.50;8.00;10.70;2.30
TOUTAINVILLE N°27;CHAUFOUR N°15 à GAILLON N°17;;7.90;12.60;17.70;25.50;5.10
TOUTAINVILLE N°27;CRIQUEBEUF N°20 à MAISON-BRÛLEE N°24 / ROUEN LES ESSARTS (A139);;3.40;5.50;8.00;10.70;2.30
TOUTAINVILLE N°27;HEUDEBOUVILLE N°18;;5.90;9.40;13.50;18.60;3.90
TOUTAINVILLE N°27;INCARVILLE N°19;;5.80;9.40;13.00;18.10;3.80
TOUTAINVILLE N°27;POISSY / ORGEVAL N°7 à MANTES-SUD N°12;;10.90;17.50;24.30;36.20;6.90
TROARN N°31;BEUZEVILLE N°28;;6.10;8.60;12.10;19.00;3.80
TROARN N°31;BOURG-ACHARD N°25;;10.50;15.40;21.70;32.60;6.20
TROARN N°31;BOURNEVILLE N°26;;10.50;15.40;21.70;32.60;6.20
TROARN N°31;CAEN;;0.90;1.20;1.60;2.40;0.50
TROARN N°31;CAGNY (A813);;0.90;1.20;1.60;2.40;0.50
TROARN N°31;CHAUFOUR N°15 à GAILLON N°17;;15.00;22.50;31.40;47.40;9.00
TROARN N°31;CHENARD N°1 (A29);;5.70;8.40;12.30;18.30;3.90
TROARN N°31;CRIQUEBEUF N°20 à MAISON-BRÛLEE N°24 / ROUEN LES ESSARTS (A139);;10.50;15.40;21.70;32.60;6.20
TROARN N°31;DOZULÉ N°30;;2.20;3.50;4.50;6.90;1.50
TROARN N°31;HEUDEBOUVILLE N°18;;13.00;19.30;27.20;40.50;7.80
TROARN N°31;INCARVILLE N°19;;12.90;19.30;26.70;40.00;7.70
TROARN N°31;LA RIVIÈRE-SAINT-SAUVEUR N°3 (A29);;5.70;8.40;12.30;18.30;3.90
TROARN N°31;POISSY / ORGEVAL N°7 à MANTES-SUD N°12;;18.00;27.40;38.00;58.10;10.80
TROARN N°31;PONT L'EVÊQUE, DEAUVILLE (A132);;4.20;6.10;8.80;13.70;2.90
YERVILLE N°9;BOLBEC N°7;;3.10;4.50;6.10;8.30;1.60
YERVILLE N°9;FECAMP N°8;;1.90;2.80;3.50;4.80;0.90
YERVILLE N°9;LE HAVRE N°5;;5.60;8.20;10.90;15.90;3.00
YERVILLE N°9;ST-ROMAIN-DE-COLBOSC N°6;;3.70;5.50;7.10;10.00;2.20
YERVILLE N°9;ST-SAËNS N°10;;2.00;3.00;4.20;5.50;1.30
YVETOT;BEAUTOT;;1.40;2.20;3.10;4.40;1.00
YVETOT;BOLBEC N°7;;3.50;4.60;6.10;8.30;1.60
YVETOT;FECAMP N°8;;1.90;2.80;3.50;4.90;0.90
YVETOT;LE HAVRE N°5;;5.70;8.20;10.90;15.80;3.10
YVETOT;ST-ROMAIN-DE-COLBOSC N°6;;3.70;5.70;7.00;10.00;2.20
YVETOT;ST-SAËNS N°10;;3.10;4.60;6.40;9.10;1.80
